Mês;Empresa;Linha;Estudante_Cartao;Estudante_BT;Vale_Transporte;Integracao_Plena;Integracao_Complementar;Gratuito_Cartao;Gratuito_BT;Inteira_Cartao;Inteira_Especie;Tarifa_Social;Qtd_Viagens
1;CONCEIÇÃO;21;13.493;9.506;35.944;8.671;0;17.138;7.397;6.542;43.727;3.965;3.684
1;CONCEIÇÃO;22;4.644;3.371;13.088;3.230;0;8.109;3.157;2.529;15.363;0;1.737
1;CONCEIÇÃO;30;8.519;5.614;20.580;5.346;0;7.265;3.191;4.415;21.507;1.537;2.500
1;CONCEIÇÃO;31;9.631;6.020;23.460;7.587;0;7.065;2.922;5.491;22.212;140;2.478
1;CONCEIÇÃO;41;6.556;4.038;20.388;7.924;0;5.704;2.791;3.883;13.870;0;2.296
1;CONCEIÇÃO;59;8.184;6.086;22.623;7.332;0;13.514;4.373;4.622;29.075;4.573;2.650
1;CONCEIÇÃO;63;21.918;14.054;44.118;14.630;0;15.034;5.771;7.765;39.855;3.182;3.768
1;CONCEIÇÃO;71;7.188;5.395;19.626;4.209;0;10.865;4.075;3.608;23.923;3.773;2.389
1;CONCEIÇÃO;76;2.886;1.734;7.298;1.545;59;3.494;1.200;1.507;8.698;907;627
1;CONCEIÇÃO;83;4.386;3.932;14.967;1.194;0;3.207;1.125;2.573;17.649;2.491;1.284
1;CONCEIÇÃO;411;5.208;2.869;10.397;4.330;0;4.723;1.654;2.676;11.043;580;1.095
1;CONCEIÇÃO;587;0;0;0;0;0;0;0;0;0;0;1
1;CONCEIÇÃO;599;5.074;3.082;15.716;5.740;0;4.865;782;3.304;10.176;724;1.582
1;CONCEIÇÃO;905;155;79;890;38;0;249;32;52;522;491;249
1;CONCEIÇÃO;2369;561;423;1.550;1.150;0;1.000;465;395;1.600;0;397
1;CONCEIÇÃO;3001;1.718;1.112;4.795;1.722;0;1.535;807;1.068;3.928;463;725
1;CONCEIÇÃO;3101;772;610;2.312;937;0;711;283;521;1.897;0;343
1;CONCEIÇÃO;6301;3.788;2.814;10.663;2.287;0;3.190;1.201;1.676;8.922;1.264;1.111
1;CONCEIÇÃO;7601;120;37;219;35;0;142;67;24;271;682;40
1;DUNAS - URB;33;27.684;22.323;74.603;20.083;0;20.022;7.201;15.832;70.311;6.722;5.137
1;DUNAS - URB;40;21.711;15.705;53.588;18.682;0;31.767;12.618;11.818;71.739;4.968;4.680
1;DUNAS - URB;57;1.198;787;2.733;945;0;1.261;484;846;2.761;0;559
1;DUNAS - URB;98;0;0;0;0;0;0;0;0;0;0;1
1;DUNAS - URB;331;8.949;5.529;19.698;3.982;0;5.555;2.179;5.697;18.949;0;1.562
1;DUNAS - URB;332;1.896;1.172;4.812;949;0;1.032;400;1.149;2.990;423;600
1;DUNAS - URB;411;3.666;2.011;7.818;3.422;0;3.052;952;1.730;7.760;668;761
1;DUNAS - URB;738;0;0;0;0;0;0;0;0;0;0;1
1;DUNAS - URB;740;0;0;0;0;0;0;0;0;0;0;1
1;DUNAS - URB;7451;0;0;0;0;0;0;0;0;0;0;1
1;DUNAS - URB;7452;0;0;0;0;0;0;0;0;0;0;2
1;GUANABARA - URB;2;10.702;7.510;37.134;7.092;158;8.312;3.802;5.937;28.987;1.931;2.445
1;GUANABARA - URB;4;7.237;7.156;32.820;7.158;1;4.705;2.640;3.568;22.806;2.002;2.343
1;GUANABARA - URB;5;5.090;3.045;14.851;2.248;59;5.185;2.669;2.280;18.362;1.525;1.481
1;GUANABARA - URB;8;16.848;12.036;50.867;18.887;515;19.206;6.790;9.362;47.169;7.389;3.347
1;GUANABARA - URB;13;944;512;2.143;518;12;925;341;509;2.597;0;438
1;GUANABARA - URB;18;199;96;880;143;0;202;94;155;359;0;93
1;GUANABARA - URB;19;4.205;3.362;13.615;4.285;4;9.673;4.568;3.369;16.279;913;1.923
1;GUANABARA - URB;20;5.648;4.190;14.512;4.744;1;12.172;6.629;3.933;18.556;962;2.373
1;GUANABARA - URB;25;3.657;2.578;7.990;2.444;0;4.942;2.907;1.771;9.839;0;1.421
1;GUANABARA - URB;60;20.004;13.821;61.848;11.590;275;13.578;5.944;10.217;47.541;3.852;3.613
1;GUANABARA - URB;64;16.643;10.173;44.453;9.273;178;19.314;9.554;7.609;47.211;3.702;3.453
1;GUANABARA - URB;67;4.947;3.034;14.153;2.152;63;4.802;2.439;2.301;18.196;665;1.301
1;GUANABARA - URB;70;10.256;7.138;32.410;4.915;54;9.859;6.312;5.148;35.015;2.860;2.896
1;GUANABARA - URB;72;9.701;6.980;33.918;8.163;94;7.317;3.257;5.897;34.500;2.757;2.414
1;GUANABARA - URB;75;8.457;4.805;19.393;3.743;122;6.595;2.457;5.100;21.752;1.542;2.125
1;GUANABARA - URB;76;2.737;1.859;7.273;1.474;48;3.604;1.077;1.317;8.160;904;628
1;GUANABARA - URB;77;14.196;11.711;54.714;12.710;74;9.094;5.130;7.930;46.505;4.076;3.792
1;GUANABARA - URB;79;16.654;12.194;47.462;10.692;292;11.109;4.181;7.695;39.931;4.529;3.161
1;GUANABARA - URB;81;5.383;3.093;12.522;2.654;23;3.876;1.564;3.361;14.469;524;1.486
1;GUANABARA - URB;84;15.347;8.499;41.744;14.205;208;13.802;5.906;11.200;38.560;4.404;3.500
1;GUANABARA - URB;101;3.912;2.766;11.754;2.593;49;6.558;2.452;2.391;15.960;1.455;1.265
1;GUANABARA - URB;102;2.027;1.328;6.453;1.398;16;3.852;1.281;1.433;8.509;934;630
1;GUANABARA - URB;592;817;342;1.855;364;52;838;266;363;1.295;155;844
1;GUANABARA - URB;593;1.797;895;2.215;492;0;1.090;298;529;3.133;183;734
1;GUANABARA - URB;1029;5.022;3.564;14.702;3.898;53;3.689;1.564;2.573;12.353;1.375;943
1;GUANABARA - URB;1214;3.469;2.386;11.845;1.970;10;4.982;2.951;2.159;11.354;0;1.614
1;GUANABARA - URB;1301;2.792;1.589;6.673;1.762;81;3.028;1.298;1.754;8.878;0;1.371
1;GUANABARA - URB;1302;109;61;206;64;3;87;42;48;326;0;46
1;GUANABARA - URB;1516;8.715;5.932;22.428;4.712;164;8.888;4.605;5.043;26.696;1.958;2.034
1;GUANABARA - URB;1778;8.001;5.606;23.054;5.432;146;9.021;4.824;4.764;24.780;1.123;2.109
1;GUANABARA - URB;2369;608;427;1.973;720;0;908;394;423;1.693;0;396
1;GUANABARA - URB;6162;4.428;2.523;9.935;1.744;37;4.034;2.265;2.113;10.207;528;1.624
1;GUANABARA - URB;6443;6.334;3.930;16.608;3.383;9;5.265;2.291;3.625;15.764;1.473;1.118
1;GUANABARA - URB;7501;92;66;945;42;0;189;22;342;289;0;38
1;GUANABARA - URB;7502;805;473;1.796;383;0;710;310;457;2.302;0;189
1;GUANABARA - URB;7601;173;90;351;91;0;234;76;52;580;442;43
1;REUNIDAS;7;13.130;8.374;48.587;11.738;172;9.281;3.497;8.449;39.188;3.761;3.580
1;REUNIDAS;26;16.306;13.191;52.962;14.959;174;8.405;4.374;8.904;44.674;4.667;3.435
1;REUNIDAS;27;10.416;5.624;26.393;5.463;115;11.036;4.581;5.881;30.846;3.790;3.082
1;REUNIDAS;35;14.300;8.069;35.898;11.112;813;13.376;6.317;9.356;30.393;2.981;2.757
1;REUNIDAS;68;8.916;4.619;25.973;5.597;143;8.513;3.047;6.133;25.248;1.927;2.379
1;REUNIDAS;73;28.651;26.224;109.054;31.024;384;17.342;9.219;14.829;83.849;10.139;5.191
1;REUNIDAS;85;9.871;4.537;18.944;5.720;580;9.320;4.060;5.593;19.144;0;2.187
1;REUNIDAS;1029;14.709;10.110;44.614;12.378;107;10.595;4.329;7.710;34.645;3.601;2.754
1;REUNIDAS;1778;2.019;1.367;6.035;1.236;29;1.958;979;1.096;5.531;1.084;595
1;REUNIDAS;6443;6.513;3.888;17.518;3.994;7;5.543;2.303;4.189;16.545;1.680;1.141
1;REUNIDAS;7847;13.412;9.344;33.392;7.185;84;10.822;4.716;8.496;33.558;4.060;2.662
1;REUNIDAS;9018;13;23;274;447;0;377;9;27;215;30;94
1;SANTA MARIA - URB;24;12.272;7.761;32.366;11.712;0;10.384;5.396;8.682;29.716;960;3.369
1;SANTA MARIA - URB;34;4.581;3.175;10.317;3.320;0;8.436;4.382;2.684;13.664;0;1.642
1;SANTA MARIA - URB;36;5.188;3.961;15.486;5.544;0;8.122;3.762;3.304;17.710;1.528;2.108
1;SANTA MARIA - URB;37;15.973;13.861;29.821;11.368;0;11.552;6.320;8.062;34.865;1.780;3.666
1;SANTA MARIA - URB;38;21.493;15.394;47.010;13.389;0;30.727;14.362;10.733;70.146;7.300;4.370
1;SANTA MARIA - URB;39;11.847;7.524;31.617;9.293;0;8.434;3.625;6.428;23.244;1.250;3.318
1;SANTA MARIA - URB;44;10.423;8.871;24.632;7.502;0;12.389;6.980;6.509;29.383;1.376;3.398
1;SANTA MARIA - URB;46;13.216;12.504;27.681;12.297;0;6.787;5.009;7.025;36.598;2.613;2.933
1;SANTA MARIA - URB;48;7.800;6.288;14.389;5.570;0;7.993;4.339;3.304;19.739;1.926;2.136
1;SANTA MARIA - URB;54;15.427;14.123;34.835;12.859;0;10.901;7.689;7.531;46.445;4.291;3.586
1;SANTA MARIA - URB;56;4.868;3.550;28.279;12.786;0;3.341;1.724;3.926;22.846;1.556;2.446
1;SANTA MARIA - URB;66;4.485;4.450;14.160;1.774;0;3.294;1.780;2.793;18.434;2.148;2.216
1;SANTA MARIA - URB;83;4.634;4.005;16.881;1.327;0;3.659;1.308;2.639;18.402;2.549;1.406
1;SANTA MARIA - URB;331;6.611;3.804;15.197;3.200;0;3.927;1.486;4.273;12.956;2.329;1.342
1;SANTA MARIA - URB;332;1.560;903;3.699;891;0;936;395;944;2.650;128;544
1;SANTA MARIA - URB;411;3.703;2.037;7.379;2.800;0;3.395;1.093;1.797;7.971;662;760
1;SANTA MARIA - URB;561;74;133;2.347;475;0;142;0;232;762;41;312
1;VIA SUL - URB;50;21.051;15.801;67.308;19.055;123;14.408;7.133;11.952;52.974;4.153;4.824
1;VIA SUL - URB;51;11.934;10.293;22.966;8.158;0;9.196;5.061;6.286;26.821;807;3.305
1;VIA SUL - URB;52;10.095;8.637;21.692;6.954;0;10.518;6.146;5.386;27.179;1.395;3.212
1;VIA SUL - URB;65;6.040;5.023;13.211;3.899;0;4.208;1.977;3.206;12.702;0;1.788
2;CONCEIÇÃO;21;16.306;10.083;32.438;8.077;0;15.531;6.879;6.463;40.613;1.566;3.427
2;CONCEIÇÃO;22;5.791;3.447;11.859;2.818;0;7.473;2.933;2.150;14.547;0;1.545
2;CONCEIÇÃO;30;11.796;6.670;19.350;5.150;0;6.736;3.114;4.424;20.352;587;2.265
2;CONCEIÇÃO;31;13.811;7.279;20.240;7.482;0;6.779;2.964;5.200;20.300;0;2.144
2;CONCEIÇÃO;41;8.468;4.264;18.618;7.669;0;5.443;2.810;3.981;13.315;0;1.926
2;CONCEIÇÃO;59;9.558;6.125;19.844;6.561;0;11.806;3.874;4.242;25.451;1.471;2.362
2;CONCEIÇÃO;63;31.560;17.015;41.335;16.908;0;14.321;5.512;7.125;39.035;654;3.561
2;CONCEIÇÃO;71;9.930;6.024;18.301;3.558;0;10.125;3.864;2.892;23.497;1.479;2.137
2;CONCEIÇÃO;76;3.024;1.629;6.400;1.316;52;3.202;1.059;1.297;7.805;214;582
2;CONCEIÇÃO;83;5.444;4.302;13.452;1.110;0;2.908;1.017;2.348;16.433;1.077;1.157
2;CONCEIÇÃO;411;6.044;3.245;10.017;4.162;0;4.615;1.533;2.556;10.517;152;1.005
2;CONCEIÇÃO;587;62;13;71;21;0;164;39;24;549;0;434
2;CONCEIÇÃO;599;5.566;2.898;13.382;5.033;0;4.404;730;3.118;9.159;259;1.336
2;CONCEIÇÃO;905;162;230;829;19;0;199;10;48;712;75;208
2;CONCEIÇÃO;2369;661;368;1.481;962;0;933;394;263;1.352;0;339
2;CONCEIÇÃO;3001;2.151;1.193;3.717;1.441;0;1.349;653;964;3.322;166;617
2;CONCEIÇÃO;3101;1.059;610;1.988;841;0;576;305;489;1.729;0;313
2;CONCEIÇÃO;6301;4.608;2.920;10.086;2.525;0;3.172;1.157;1.619;8.564;1.193;1.117
2;CONCEIÇÃO;7601;96;45;294;45;0;160;53;37;346;511;34
2;DUNAS - URB;33;35.686;23.592;66.193;18.635;0;17.940;6.532;14.834;65.449;2.643;4.443
2;DUNAS - URB;40;27.121;17.014;47.803;16.257;0;28.774;11.481;10.747;65.837;1.706;4.117
2;DUNAS - URB;57;2.158;1.164;2.705;1.023;0;1.379;463;831;2.538;0;464
2;DUNAS - URB;331;11.588;5.935;18.454;3.843;0;5.098;1.954;5.291;17.771;932;1.395
2;DUNAS - URB;332;2.251;1.106;4.118;892;0;955;370;1.091;2.861;185;555
2;DUNAS - URB;411;3.726;2.014;6.562;2.710;0;2.774;805;1.626;6.977;230;658
2;GUANABARA - URB;2;13.493;7.810;33.288;7.138;141;7.512;3.433;5.682;27.266;640;2.171
2;GUANABARA - URB;4;9.276;7.671;28.640;6.209;0;4.058;2.299;3.427;21.334;597;1.933
2;GUANABARA - URB;5;5.521;3.101;12.248;1.768;99;4.402;2.192;1.985;15.891;563;1.259
2;GUANABARA - URB;8;22.824;12.361;45.134;17.279;527;17.469;6.001;8.706;43.165;3.495;2.928
2;GUANABARA - URB;13;8;6;23;4;0;6;5;3;66;0;7
2;GUANABARA - URB;18;447;128;665;240;0;53;20;136;210;0;49
2;GUANABARA - URB;19;5.147;3.325;11.215;3.625;0;8.353;3.954;2.693;14.310;218;1.653
2;GUANABARA - URB;20;6.271;4.077;12.643;4.059;0;10.186;5.747;3.073;16.488;303;1.999
2;GUANABARA - URB;25;5.728;2.848;7.109;2.216;0;4.418;2.585;1.356;9.162;0;1.216
2;GUANABARA - URB;60;24.245;13.844;55.141;10.517;210;12.060;5.351;9.392;43.544;1.329;3.288
2;GUANABARA - URB;64;20.415;9.941;38.032;7.786;178;16.598;8.337;6.619;42.361;1.381;2.898
2;GUANABARA - URB;67;5.568;3.000;12.447;1.648;74;4.217;2.142;2.153;16.032;235;1.088
2;GUANABARA - URB;70;11.484;6.815;28.214;4.055;59;8.729;5.448;4.649;32.042;997;2.518
2;GUANABARA - URB;72;11.366;6.718;28.085;7.090;122;6.249;3.002;5.430;30.652;670;1.954
2;GUANABARA - URB;75;10.215;4.643;16.569;3.106;84;5.380;2.218;4.130;18.375;434;1.696
2;GUANABARA - URB;76;2.861;1.646;6.178;1.328;31;3.161;855;1.223;7.251;0;547
2;GUANABARA - URB;77;17.068;12.236;46.957;11.297;56;8.338;4.715;7.476;43.021;1.577;3.171
2;GUANABARA - URB;79;21.626;12.383;41.519;10.044;245;9.723;3.828;7.076;36.923;1.575;2.642
2;GUANABARA - URB;81;6.183;3.041;10.567;2.242;14;3.328;1.290;2.806;13.512;182;1.285
2;GUANABARA - URB;84;18.014;8.375;36.645;12.628;174;12.949;5.212;9.541;36.610;2.298;3.193
2;GUANABARA - URB;101;5.159;3.026;12.178;2.849;36;7.007;2.654;2.526;16.554;921;1.302
2;GUANABARA - URB;102;1.879;997;4.287;957;12;2.368;840;865;5.520;0;411
2;GUANABARA - URB;592;1.154;402;1.746;443;50;866;286;383;1.325;64;759
2;GUANABARA - URB;593;3.289;1.087;2.263;638;0;1.190;348;539;2.932;86;946
2;GUANABARA - URB;1029;6.332;3.616;13.454;3.534;32;3.539;1.515;2.443;11.644;568;897
2;GUANABARA - URB;1214;4.138;2.479;10.500;1.622;9;4.252;2.537;2.060;10.831;0;1.353
2;GUANABARA - URB;1301;5.194;2.201;7.073;1.812;65;3.223;1.363;1.849;9.511;0;1.472
2;GUANABARA - URB;1302;155;74;272;82;3;117;62;69;358;0;65
2;GUANABARA - URB;1516;10.175;5.950;20.854;4.143;137;7.923;4.185;4.508;25.836;491;1.803
2;GUANABARA - URB;1778;8.846;5.551;19.775;4.494;109;7.822;4.243;4.070;21.857;410;1.809
2;GUANABARA - URB;2369;728;434;1.900;671;0;942;410;369;1.608;0;341
2;GUANABARA - URB;6162;5.814;2.780;8.967;1.553;30;3.672;2.127;1.930;9.878;100;1.341
2;GUANABARA - URB;6443;6.654;3.728;14.284;2.795;7;4.374;1.972;3.241;14.100;381;930
2;GUANABARA - URB;7501;396;158;1.168;126;0;320;67;415;666;211;69
2;GUANABARA - URB;7502;1.285;598;1.785;382;0;680;299;462;2.203;0;157
2;GUANABARA - URB;7601;155;95;388;99;0;252;96;56;494;570;52
2;REUNIDAS;7;17.492;8.674;43.755;11.098;202;9.012;2.982;7.737;37.100;1.577;3.198
2;REUNIDAS;26;21.709;14.753;47.929;14.276;188;7.388;3.912;8.087;40.836;2.221;3.004
2;REUNIDAS;27;11.612;5.779;23.477;4.726;93;9.796;4.230;5.270;29.402;1.354;2.658
2;REUNIDAS;35;16.535;8.394;30.894;9.970;726;11.893;5.572;8.531;27.606;1.120;2.399
2;REUNIDAS;68;10.116;4.480;23.473;4.899;125;7.720;2.698;5.804;23.054;859;2.069
2;REUNIDAS;73;38.074;29.374;100.188;30.263;399;15.805;8.224;13.709;78.617;4.479;4.599
2;REUNIDAS;85;12.491;5.013;16.913;4.975;552;8.488;3.712;4.963;17.429;0;1.901
2;REUNIDAS;1029;19.358;10.706;39.048;11.310;122;9.427;3.878;6.930;32.294;1.604;2.376
2;REUNIDAS;1778;2.567;1.483;6.098;1.318;21;1.939;1.098;1.097;6.458;381;606
2;REUNIDAS;6443;7.046;3.694;14.741;3.335;5;4.875;2.019;3.567;15.254;824;976
2;REUNIDAS;7847;16.900;9.994;30.737;6.860;79;10.161;4.391;8.012;32.067;1.528;2.377
2;REUNIDAS;9018;31;35;205;361;0;435;21;22;266;25;83
2;SANTA MARIA - URB;24;16.179;9.389;29.889;10.711;0;10.106;5.430;8.559;29.666;434;3.026
2;SANTA MARIA - URB;34;5.281;2.891;8.825;2.866;0;7.297;3.846;2.219;12.186;0;1.366
2;SANTA MARIA - URB;36;7.158;4.537;13.043;4.564;0;6.865;3.237;2.715;16.251;754;1.821
2;SANTA MARIA - URB;37;21.269;15.974;27.257;11.033;0;10.643;5.678;7.407;33.977;721;3.136
2;SANTA MARIA - URB;38;24.743;15.317;41.621;11.574;0;26.731;12.265;9.656;63.700;2.795;3.801
2;SANTA MARIA - URB;39;15.679;8.906;29.641;9.224;0;7.857;3.522;6.339;22.619;627;2.918
2;SANTA MARIA - URB;44;12.620;9.259;22.099;6.359;0;10.789;5.857;5.582;27.461;425;2.900
2;SANTA MARIA - URB;46;19.357;15.295;25.673;11.619;0;6.147;4.552;6.519;35.070;1.272;2.514
2;SANTA MARIA - URB;48;11.148;7.816;13.451;5.642;0;7.046;3.825;3.010;18.688;730;1.917
2;SANTA MARIA - URB;54;20.065;16.174;31.430;11.575;0;9.769;6.597;6.575;41.701;1.977;3.077
2;SANTA MARIA - URB;56;5.489;3.986;23.971;10.650;0;2.944;1.699;3.549;19.590;950;2.211
2;SANTA MARIA - URB;66;7.483;5.794;13.471;1.938;0;3.053;1.758;2.968;17.301;1.121;1.933
2;SANTA MARIA - URB;83;5.521;4.433;14.629;1.260;0;3.705;1.261;2.626;17.153;1.167;1.302
2;SANTA MARIA - URB;331;8.645;4.357;13.860;3.037;0;3.838;1.474;3.981;13.320;0;1.147
2;SANTA MARIA - URB;332;2.165;1.151;3.848;825;0;868;414;1.003;2.840;0;530
2;SANTA MARIA - URB;411;3.969;2.199;6.584;2.783;0;2.880;878;1.725;7.243;227;635
2;SANTA MARIA - URB;561;147;180;2.301;408;0;93;4;183;943;86;274
2;VIA SUL - URB;50;27.193;17.532;59.793;17.904;136;14.454;6.269;11.507;51.027;1.620;4.241
2;VIA SUL - URB;51;15.863;11.721;21.132;7.674;0;8.650;4.730;5.875;26.157;390;2.793
2;VIA SUL - URB;52;12.383;9.651;19.549;6.078;0;9.265;5.356;4.704;25.248;349;2.672
2;VIA SUL - URB;65;8.087;5.726;11.796;3.741;0;4.117;1.868;2.892;12.229;0;1.515
3;CONCEIÇÃO;21;22.965;13.145;37.385;10.113;0;18.446;8.256;7.821;47.038;1.116;4.042
3;CONCEIÇÃO;22;7.604;4.358;14.128;3.501;0;9.395;3.644;2.482;16.971;0;1.832
3;CONCEIÇÃO;30;19.848;10.051;23.635;6.426;0;8.429;3.475;5.504;24.615;732;2.643
3;CONCEIÇÃO;31;23.588;10.947;24.646;9.971;0;8.371;3.649;6.392;24.136;0;2.636
3;CONCEIÇÃO;41;14.152;7.062;25.574;11.358;0;7.672;3.885;5.634;17.866;0;2.680
3;CONCEIÇÃO;59;12.849;7.151;21.872;8.027;0;13.980;4.178;5.267;28.743;997;2.652
3;CONCEIÇÃO;63;51.931;25.287;51.206;25.071;0;18.192;6.907;8.639;46.235;1.981;4.337
3;CONCEIÇÃO;71;14.651;8.109;21.642;4.394;0;12.064;4.393;3.550;26.335;737;2.481
3;CONCEIÇÃO;76;3.854;2.053;7.241;1.495;50;3.650;1.195;1.505;8.911;82;677
3;CONCEIÇÃO;83;7.371;5.347;14.780;1.336;0;3.209;1.197;2.657;16.862;609;1.272
3;CONCEIÇÃO;411;8.007;3.772;10.298;4.427;0;4.764;1.525;2.849;11.135;223;1.103
3;CONCEIÇÃO;587;343;1;228;102;0;535;126;100;1.411;46;1.018
3;CONCEIÇÃO;599;8.750;3.520;15.713;6.096;0;5.107;975;3.766;10.695;315;1.539
3;CONCEIÇÃO;905;122;144;702;31;0;239;11;52;483;23;270
3;CONCEIÇÃO;2369;977;482;1.749;1.174;0;1.003;474;319;1.536;0;369
3;CONCEIÇÃO;3001;3.327;1.732;4.404;1.768;0;1.560;704;1.092;3.620;201;702
3;CONCEIÇÃO;3101;1.796;910;2.455;1.089;0;670;305;663;1.914;0;336
3;CONCEIÇÃO;6301;5.429;3.379;9.376;2.364;0;3.027;1.064;1.629;8.245;489;1.033
3;CONCEIÇÃO;7601;165;45;239;76;0;163;74;32;205;457;32
3;DUNAS - URB;33;55.579;31.119;74.452;21.802;1;20.658;7.009;17.001;73.576;2.410;4.790
3;DUNAS - URB;40;38.065;20.346;55.720;19.523;0;35.487;12.892;12.540;74.020;1.961;4.627
3;DUNAS - URB;57;4.265;1.936;3.682;1.604;0;1.841;595;1.077;3.531;0;603
3;DUNAS - URB;331;17.746;8.176;21.354;4.963;0;6.034;2.337;6.126;20.814;930;1.630
3;DUNAS - URB;332;3.586;1.721;5.234;1.202;0;1.258;425;1.302;3.484;334;607
3;DUNAS - URB;411;5.130;2.376;6.942;3.143;0;3.135;947;1.829;7.460;249;694
3;GUANABARA - URB;2;19.799;10.288;41.190;8.773;206;9.397;4.089;6.886;31.516;1.152;2.712
3;GUANABARA - URB;4;13.369;10.562;33.885;7.357;1;4.927;2.675;4.070;23.109;977;2.244
3;GUANABARA - URB;5;7.720;3.897;14.709;2.087;114;5.093;2.666;2.353;18.336;633;1.458
3;GUANABARA - URB;8;33.745;16.717;53.171;21.619;495;20.411;6.719;10.305;47.436;2.783;3.440
3;GUANABARA - URB;13;3.815;1.511;4.569;1.213;25;2.044;903;1.117;5.629;0;951
3;GUANABARA - URB;18;948;252;982;352;0;85;39;187;202;0;66
3;GUANABARA - URB;19;7.412;4.178;13.878;4.512;0;9.998;4.508;3.351;16.288;261;1.877
3;GUANABARA - URB;20;8.350;4.949;14.606;5.040;0;12.019;6.507;3.362;18.255;156;2.300
3;GUANABARA - URB;25;8.292;4.343;8.728;2.709;0;5.420;3.268;1.693;10.467;0;1.445
3;GUANABARA - URB;60;34.972;18.677;63.358;12.683;281;14.644;6.260;10.990;50.622;1.778;3.988
3;GUANABARA - URB;64;29.059;12.917;43.960;9.111;219;19.425;9.436;7.665;47.537;1.252;3.368
3;GUANABARA - URB;67;7.416;3.733;13.807;1.954;86;4.791;2.564;2.393;17.289;29;1.266
3;GUANABARA - URB;70;16.011;8.995;32.650;4.812;74;10.514;6.456;5.200;35.344;841;2.915
3;GUANABARA - URB;72;16.009;8.535;32.785;8.513;180;7.446;3.888;6.392;34.571;1.202;2.335
3;GUANABARA - URB;75;15.062;5.951;19.759;4.166;122;6.399;2.409;5.011;20.594;567;2.025
3;GUANABARA - URB;76;3.906;2.010;7.434;1.771;51;4.168;1.018;1.556;8.754;0;625
3;GUANABARA - URB;77;25.537;16.554;55.474;14.048;96;10.412;5.454;9.148;50.609;1.970;3.964
3;GUANABARA - URB;79;31.351;16.232;47.910;12.182;346;11.627;4.325;8.356;41.586;1.800;3.276
3;GUANABARA - URB;81;9.077;4.071;14.148;3.096;27;4.565;1.790;3.665;15.813;155;1.639
3;GUANABARA - URB;84;26.109;10.861;42.725;14.820;296;15.739;6.346;11.930;41.738;1.091;3.733
3;GUANABARA - URB;101;6.885;3.838;14.660;3.486;45;8.558;3.091;3.166;18.996;571;1.463
3;GUANABARA - URB;102;2.184;1.073;4.624;1.021;10;2.736;884;982;5.832;593;439
3;GUANABARA - URB;592;1.619;642;2.060;488;52;885;255;390;1.450;60;831
3;GUANABARA - URB;593;5.004;1.540;2.586;927;0;1.206;427;621;3.580;149;770
3;GUANABARA - URB;1029;10.494;5.340;17.427;4.996;61;4.554;1.830;2.912;14.367;624;1.144
3;GUANABARA - URB;1214;6.156;3.251;13.244;2.268;10;5.650;3.289;2.802;12.914;0;1.752
3;GUANABARA - URB;1301;4.560;1.654;4.500;1.109;27;1.979;874;1.251;5.576;0;869
3;GUANABARA - URB;1516;13.530;7.417;24.185;4.878;172;9.603;4.942;5.309;29.011;688;2.206
3;GUANABARA - URB;1778;12.783;7.021;24.471;5.417;148;9.283;4.945;5.071;25.113;385;2.223
3;GUANABARA - URB;2369;886;574;1.943;838;0;1.109;524;447;1.674;0;368
3;GUANABARA - URB;6162;8.821;3.868;11.538;2.113;30;4.850;2.598;2.441;11.370;160;1.662
3;GUANABARA - URB;6443;9.438;4.618;17.973;3.840;20;5.716;2.386;4.333;16.511;331;1.199
3;GUANABARA - URB;7501;374;79;988;52;0;207;54;439;388;0;36
3;GUANABARA - URB;7502;2.175;735;2.005;496;0;868;364;573;2.420;0;195
3;GUANABARA - URB;7601;143;99;314;94;0;182;74;46;479;174;50
3;REUNIDAS;7;25.409;11.017;48.493;12.238;262;10.045;3.580;9.283;40.815;1.647;3.517
3;REUNIDAS;26;31.011;19.052;54.039;16.239;224;8.656;4.291;9.246;43.583;1.490;3.334
3;REUNIDAS;27;15.168;6.665;26.482;5.596;140;11.453;4.923;6.357;31.465;823;3.019
3;REUNIDAS;35;24.266;11.028;35.122;11.610;1.027;13.769;6.527;9.787;31.710;889;2.682
3;REUNIDAS;68;14.582;6.371;26.601;6.185;214;10.614;3.260;7.084;27.343;754;2.327
3;REUNIDAS;73;56.313;38.952;114.307;35.933;572;17.999;9.226;16.100;85.992;3.742;5.259
3;REUNIDAS;85;19.241;6.996;20.264;6.124;753;9.730;4.379;5.713;19.614;0;2.198
3;REUNIDAS;1029;30.501;14.251;46.122;13.794;164;11.744;4.638;8.546;36.846;1.890;2.849
3;REUNIDAS;1778;3.931;2.281;7.867;1.792;38;2.923;1.534;1.546;8.661;443;771
3;REUNIDAS;6443;9.957;4.735;18.841;4.440;9;6.298;2.603;4.431;17.776;314;1.206
3;REUNIDAS;7847;23.462;12.256;35.493;7.662;112;11.761;4.978;9.381;36.855;1.065;2.647
3;REUNIDAS;9018;8;5;365;410;0;382;15;10;183;5;98
3;SANTA MARIA - URB;24;23.819;12.005;34.646;12.911;0;12.374;6.030;10.509;33.740;570;3.370
3;SANTA MARIA - URB;34;7.043;3.592;10.627;3.251;0;8.620;4.458;2.819;13.655;0;1.644
3;SANTA MARIA - URB;36;10.641;6.001;15.815;5.896;0;8.545;3.976;3.774;18.038;262;2.180
3;SANTA MARIA - URB;37;32.949;21.928;32.655;13.086;0;12.690;6.938;8.965;38.859;865;3.599
3;SANTA MARIA - URB;38;33.135;18.804;49.054;14.932;0;32.848;14.877;11.656;71.970;1.800;4.378
3;SANTA MARIA - URB;39;23.618;11.738;34.608;12.100;0;10.024;4.102;7.638;27.570;779;3.302
3;SANTA MARIA - URB;44;19.441;12.462;27.487;8.130;0;12.864;7.361;6.956;31.746;648;3.367
3;SANTA MARIA - URB;46;29.299;20.889;29.432;14.630;0;7.191;5.229;7.839;38.544;768;2.846
3;SANTA MARIA - URB;48;17.962;10.429;16.002;7.693;0;8.347;4.397;3.446;19.621;459;2.105
3;SANTA MARIA - URB;54;31.087;22.645;37.841;14.765;0;11.341;7.774;8.347;47.759;1.389;3.575
3;SANTA MARIA - URB;56;7.497;5.180;25.759;11.530;1;3.538;1.927;4.213;21.536;456;2.486
3;SANTA MARIA - URB;66;13.317;8.647;15.885;2.328;0;3.676;1.865;3.306;18.738;555;2.075
3;SANTA MARIA - URB;83;7.884;5.681;16.983;1.541;0;4.127;1.360;3.295;19.028;635;1.413
3;SANTA MARIA - URB;331;13.667;5.978;16.914;4.017;0;4.546;1.730;4.916;15.687;0;1.232
3;SANTA MARIA - URB;332;3.461;1.613;4.552;1.144;0;1.120;439;1.208;3.408;0;584
3;SANTA MARIA - URB;411;6.155;2.694;7.448;3.282;0;3.425;1.023;2.039;8.163;227;720
3;SANTA MARIA - URB;561;105;117;2.177;477;0;99;1;158;596;22;311
3;VIA SUL - URB;50;42.263;23.606;72.400;22.430;191;18.186;7.464;13.976;58.666;1.733;5.116
3;VIA SUL - URB;51;24.975;15.912;25.252;9.624;0;10.488;5.599;7.027;29.851;452;3.176
3;VIA SUL - URB;52;18.588;12.721;23.356;7.949;1;10.974;6.446;5.829;29.111;474;3.091
3;VIA SUL - URB;65;12.913;7.567;13.819;4.422;0;4.802;2.062;3.539;13.941;0;1.859
4;CONCEIÇÃO;21;21.496;11.624;35.921;9.274;0;17.832;7.989;7.008;43.598;1.743;3.910
4;CONCEIÇÃO;22;7.877;4.261;13.301;3.407;0;8.868;3.578;2.504;15.073;0;1.800
4;CONCEIÇÃO;30;18.972;8.616;22.883;6.045;0;7.774;3.322;5.220;22.838;1.148;2.556
4;CONCEIÇÃO;31;23.249;9.581;23.615;9.704;0;7.680;3.207;5.971;22.179;0;2.461
4;CONCEIÇÃO;41;13.742;6.404;25.580;11.231;1;7.373;3.791;5.393;17.240;0;2.627
4;CONCEIÇÃO;59;12.033;6.554;20.541;7.581;0;13.043;4.140;4.691;24.375;1.460;2.564
4;CONCEIÇÃO;63;49.932;22.507;47.642;24.540;0;17.349;6.775;8.203;44.962;2.372;4.164
4;CONCEIÇÃO;71;14.462;7.259;20.485;4.303;0;11.403;4.215;3.536;23.997;1.305;2.398
4;CONCEIÇÃO;76;3.581;1.793;6.919;1.379;50;3.381;1.127;1.390;7.714;472;629
4;CONCEIÇÃO;83;7.291;4.998;14.196;1.236;0;3.141;1.132;2.497;16.038;1.009;1.201
4;CONCEIÇÃO;411;7.037;3.229;10.456;4.370;0;4.643;1.604;2.644;10.395;312;1.081
4;CONCEIÇÃO;587;329;0;327;167;0;564;111;95;1.598;51;1.335
4;CONCEIÇÃO;599;8.520;3.439;15.398;6.418;0;5.079;948;3.558;9.893;350;1.491
4;CONCEIÇÃO;905;133;92;790;39;0;193;11;33;379;29;224
4;CONCEIÇÃO;2369;964;453;1.656;1.187;0;920;451;320;1.479;0;367
4;CONCEIÇÃO;3001;3.340;1.493;4.339;1.813;0;1.545;724;1.054;3.466;251;673
4;CONCEIÇÃO;3101;1.867;900;2.414;1.175;0;640;283;656;1.784;0;343
4;CONCEIÇÃO;6301;5.595;3.225;9.567;2.536;0;3.104;1.093;1.622;8.516;341;1.075
4;CONCEIÇÃO;7601;131;118;305;66;0;208;107;51;495;0;49
4;DUNAS - URB;33;56.526;28.396;72.578;20.750;0;19.562;6.566;16.377;68.632;3.156;4.693
4;DUNAS - URB;40;34.746;17.660;53.131;18.489;1;33.765;12.350;11.791;67.751;2.681;4.392
4;DUNAS - URB;57;4.483;1.839;3.455;1.419;0;1.860;578;985;3.278;0;607
4;DUNAS - URB;331;16.668;7.140;20.679;5.088;0;5.884;2.265;6.182;18.480;1.331;1.498
4;DUNAS - URB;332;3.197;1.458;4.825;1.140;0;1.235;407;1.227;3.398;0;613
4;DUNAS - URB;411;4.584;2.130;7.506;3.052;0;2.986;949;1.690;6.821;316;700
4;GUANABARA - URB;2;19.824;9.788;37.975;8.232;227;9.017;3.943;6.433;28.551;1.582;2.549
4;GUANABARA - URB;4;13.370;8.881;31.787;7.427;1;4.661;2.657;3.846;21.252;1.191;2.240
4;GUANABARA - URB;5;6.533;3.492;13.379;2.135;59;4.961;2.433;2.109;15.768;830;1.409
4;GUANABARA - URB;8;29.626;14.754;51.741;21.063;483;19.343;6.562;9.873;45.541;2.592;3.390
4;GUANABARA - URB;13;2.081;829;2.878;692;30;1.304;569;715;3.342;0;569
4;GUANABARA - URB;18;836;189;785;234;0;103;31;194;183;0;62
4;GUANABARA - URB;19;6.501;3.688;12.656;4.192;0;9.272;4.189;3.368;14.525;392;1.799
4;GUANABARA - URB;20;8.317;4.637;13.477;4.801;0;11.095;6.081;3.299;16.038;331;2.257
4;GUANABARA - URB;25;7.953;4.057;8.478;2.625;0;4.944;3.090;1.585;9.132;0;1.394
4;GUANABARA - URB;60;34.573;16.926;58.761;12.252;329;13.756;6.191;10.050;45.762;2.101;3.818
4;GUANABARA - URB;64;27.484;11.977;41.309;8.544;217;18.320;8.939;7.450;43.173;2.098;3.259
4;GUANABARA - URB;67;6.719;3.365;13.217;1.953;68;4.628;2.500;2.253;16.023;0;1.166
4;GUANABARA - URB;70;15.253;8.333;30.794;4.769;75;10.003;6.171;5.248;32.415;1.247;2.848
4;GUANABARA - URB;72;14.785;7.993;31.254;8.408;127;7.219;3.627;6.070;31.115;1.494;2.273
4;GUANABARA - URB;75;14.054;5.433;18.184;3.860;120;5.986;2.319;4.512;18.333;616;1.909
4;GUANABARA - URB;76;2.778;1.348;5.097;1.251;28;2.525;682;1.035;5.533;0;416
4;GUANABARA - URB;77;24.937;15.459;55.127;14.096;101;10.154;5.505;8.476;46.371;2.388;4.016
4;GUANABARA - URB;79;30.653;14.852;44.898;11.851;396;11.358;4.343;7.622;38.023;2.175;3.124
4;GUANABARA - URB;81;8.868;3.864;14.291;3.129;24;4.247;1.674;3.571;14.747;276;1.566
4;GUANABARA - URB;84;23.991;9.840;41.202;14.528;271;14.986;6.002;11.199;36.992;1.452;3.621
4;GUANABARA - URB;101;7.032;3.768;14.883;3.744;68;8.392;3.051;3.105;18.918;1.318;1.487
4;GUANABARA - URB;102;1.841;917;3.954;882;17;2.479;840;861;5.174;0;380
4;GUANABARA - URB;592;1.742;564;1.950;521;68;906;225;426;1.457;124;832
4;GUANABARA - URB;593;4.418;1.463;2.547;905;0;1.196;441;553;3.551;119;808
4;GUANABARA - URB;1029;9.415;4.339;15.159;4.262;54;3.815;1.494;2.520;11.735;745;1.029
4;GUANABARA - URB;1214;5.705;3.028;12.696;2.290;20;5.208;3.044;2.347;12.006;0;1.678
4;GUANABARA - URB;1301;3.911;1.505;4.935;1.209;36;2.085;860;1.298;5.425;0;934
4;GUANABARA - URB;1302;931;426;976;273;10;443;205;221;1.219;0;220
4;GUANABARA - URB;1516;13.257;6.812;23.234;4.753;194;9.080;4.756;5.019;26.272;1.045;2.128
4;GUANABARA - URB;1778;12.660;6.658;23.778;5.444;166;9.314;4.880;4.820;23.424;672;2.210
4;GUANABARA - URB;2369;942;487;1.958;844;0;907;467;400;1.402;0;356
4;GUANABARA - URB;6162;8.334;3.433;11.311;2.060;22;4.829;2.516;2.322;10.584;335;1.643
4;GUANABARA - URB;6443;9.024;4.047;17.108;3.506;8;5.440;2.298;3.777;14.648;563;1.135
4;GUANABARA - URB;7501;818;294;1.625;176;0;332;102;623;981;0;109
4;GUANABARA - URB;7502;1.815;546;1.758;380;0;689;308;507;1.937;0;170
4;GUANABARA - URB;7601;978;520;1.908;381;0;1.007;320;372;2.184;293;200
4;REUNIDAS;7;21.885;9.580;45.872;11.902;237;9.459;3.552;8.854;36.792;2.017;3.354
4;REUNIDAS;26;31.968;17.908;52.640;15.710;259;8.231;4.432;8.845;41.380;2.261;3.237
4;REUNIDAS;27;13.624;5.903;25.217;5.527;162;10.660;4.692;5.950;28.628;1.300;2.858
4;REUNIDAS;35;22.619;10.178;34.869;11.548;1.179;12.849;6.280;9.406;28.805;1.187;2.593
4;REUNIDAS;68;13.234;5.337;25.202;5.729;225;9.828;3.162;6.714;25.224;1.128;2.177
4;REUNIDAS;73;56.303;36.132;107.570;33.743;498;17.292;8.933;15.023;77.798;4.899;5.022
4;REUNIDAS;85;17.532;5.963;19.368;6.036;868;9.125;4.211;5.396;17.998;0;2.065
4;REUNIDAS;1029;30.691;13.906;45.072;13.330;179;11.280;4.662;7.993;35.180;1.955;2.804
4;REUNIDAS;1778;3.649;1.838;7.182;1.489;53;2.682;1.564;1.312;7.168;659;717
4;REUNIDAS;6443;10.265;4.771;19.091;4.475;8;6.102;2.447;4.269;17.165;693;1.188
4;REUNIDAS;7847;23.672;11.535;33.532;7.260;95;11.067;4.995;9.012;33.191;1.345;2.588
4;REUNIDAS;9018;8;15;345;309;0;360;27;5;155;18;91
4;SANTA MARIA - URB;24;20.918;10.687;33.209;12.444;0;11.898;5.823;10.232;31.745;706;3.272
4;SANTA MARIA - URB;34;6.843;3.251;10.059;3.010;0;8.148;4.229;2.600;12.347;0;1.567
4;SANTA MARIA - URB;36;9.542;5.105;15.447;6.042;0;8.217;3.887;3.291;16.504;500;2.107
4;SANTA MARIA - URB;37;34.217;20.568;32.059;13.001;0;12.150;6.739;8.734;36.153;1.335;3.545
4;SANTA MARIA - URB;38;32.813;17.045;47.737;14.774;0;31.944;15.043;11.211;66.157;3.064;4.241
4;SANTA MARIA - URB;39;25.126;10.704;33.999;11.962;0;9.511;4.199;7.165;24.927;901;3.108
4;SANTA MARIA - URB;44;19.352;11.702;26.135;7.746;0;12.734;6.840;6.865;28.906;938;3.288
4;SANTA MARIA - URB;46;31.066;19.781;29.408;14.797;0;7.255;5.227;7.450;36.178;1.292;2.790
4;SANTA MARIA - URB;48;18.552;9.338;14.778;7.508;0;7.624;4.175;3.371;17.757;842;2.073
4;SANTA MARIA - URB;54;32.674;20.996;35.961;15.116;0;11.343;7.188;7.797;44.366;2.247;3.468
4;SANTA MARIA - URB;56;7.525;4.724;24.200;11.235;0;3.164;1.926;3.996;18.795;660;2.390
4;SANTA MARIA - URB;66;13.424;7.859;15.361;2.152;0;3.585;1.722;3.053;16.949;721;2.010
4;SANTA MARIA - URB;83;8.010;5.139;16.189;1.530;0;3.989;1.371;3.033;17.657;677;1.357
4;SANTA MARIA - URB;331;12.417;5.363;16.050;3.800;0;4.475;1.626;4.451;14.128;0;1.272
4;SANTA MARIA - URB;332;3.248;1.339;4.438;1.157;0;1.025;448;1.085;3.096;185;549
4;SANTA MARIA - URB;411;5.015;2.188;7.052;3.106;0;3.110;958;1.786;6.970;338;694
4;SANTA MARIA - URB;561;69;120;1.919;498;0;118;2;154;511;46;301
4;VIA SUL - URB;50;42.609;21.865;70.156;21.947;213;17.604;7.265;13.152;54.463;2.698;4.995
4;VIA SUL - URB;51;26.078;14.709;24.199;9.263;0;9.866;5.565;6.754;28.269;647;3.157
4;VIA SUL - URB;52;20.341;12.032;23.396;7.955;0;11.051;6.564;6.001;27.852;1.050;3.080
4;VIA SUL - URB;65;13.092;7.000;13.469;4.191;0;4.716;2.012;3.555;12.942;0;1.723
5;CONCEIÇÃO;21;24.848;8.423;38.290;9.587;0;18.116;8.064;7.307;46.243;2.819;3.949
5;CONCEIÇÃO;22;8.299;2.928;13.642;3.697;0;8.721;3.754;2.657;15.970;0;1.795
5;CONCEIÇÃO;30;20.733;6.905;23.325;6.458;0;7.992;3.408;5.641;24.452;1.566;2.491
5;CONCEIÇÃO;31;24.465;7.822;23.592;9.582;0;7.963;3.487;6.506;23.308;0;2.405
5;CONCEIÇÃO;41;14.267;4.980;26.083;11.393;0;7.290;3.941;5.734;18.296;0;2.531
5;CONCEIÇÃO;59;14.603;4.820;22.297;8.414;0;13.500;4.436;5.109;25.514;2.953;2.619
5;CONCEIÇÃO;63;50.367;17.417;48.877;24.399;1;17.892;7.095;8.397;45.478;3.219;4.178
5;CONCEIÇÃO;71;16.079;5.381;21.508;4.533;0;12.074;4.448;3.902;24.975;2.377;2.370
5;CONCEIÇÃO;76;3.796;1.168;7.236;1.508;69;3.610;1.158;1.536;8.704;860;661
5;CONCEIÇÃO;83;7.852;3.748;14.719;1.309;0;3.394;1.309;2.698;16.468;1.862;1.267
5;CONCEIÇÃO;411;8.595;2.733;11.278;4.861;0;4.934;1.647;3.127;11.640;502;1.080
5;CONCEIÇÃO;587;343;5;313;167;0;607;91;119;1.513;121;1.476
5;CONCEIÇÃO;599;9.143;2.736;15.396;6.666;0;5.066;987;3.826;10.435;680;1.507
5;CONCEIÇÃO;905;188;73;823;94;0;181;26;53;609;45;222
5;CONCEIÇÃO;2369;1.269;373;1.894;1.159;0;1.085;513;337;1.653;0;381
5;CONCEIÇÃO;3001;3.612;1.177;4.590;1.783;0;1.580;702;1.130;3.867;392;651
5;CONCEIÇÃO;3101;1.738;696;2.329;1.094;0;690;329;744;1.842;0;337
5;CONCEIÇÃO;6301;6.292;2.443;9.823;2.574;0;3.175;1.144;1.765;8.959;1.095;1.079
5;CONCEIÇÃO;7601;113;47;285;66;0;178;86;34;402;256;48
5;DUNAS - URB;33;56.739;22.310;73.401;20.825;0;19.751;6.701;16.488;70.927;5.240;4.495
5;DUNAS - URB;40;40.352;14.400;55.658;19.419;0;35.418;12.269;12.504;73.270;4.013;4.462
5;DUNAS - URB;57;3.887;1.469;3.166;1.371;1;1.775;538;886;3.011;0;537
5;DUNAS - URB;331;17.344;5.749;20.686;4.883;0;6.153;2.186;6.119;19.645;1.005;1.524
5;DUNAS - URB;332;3.743;1.206;5.495;1.270;0;1.290;496;1.441;3.642;253;577
5;DUNAS - URB;411;5.343;1.728;7.634;3.283;0;3.133;998;2.053;7.490;573;732
5;GUANABARA - URB;2;18.877;6.724;39.010;7.979;270;9.019;4.107;6.461;30.774;2.149;2.483
5;GUANABARA - URB;4;14.270;7.054;33.325;6.919;1;4.701;2.601;3.882;22.426;1.950;2.211
5;GUANABARA - URB;5;7.246;2.228;13.313;1.941;74;4.682;2.404;1.990;15.594;1.111;1.364
5;GUANABARA - URB;8;35.683;12.432;53.700;21.794;578;19.851;6.956;10.327;49.201;5.162;3.296
5;GUANABARA - URB;13;176;45;207;47;3;97;30;27;216;0;38
5;GUANABARA - URB;18;700;162;803;219;0;98;23;138;222;0;52
5;GUANABARA - URB;19;7.907;2.699;14.012;4.581;2;9.783;4.547;3.533;15.198;464;1.816
5;GUANABARA - URB;20;8.825;3.227;14.178;4.904;0;10.964;5.898;3.511;16.299;391;2.240
5;GUANABARA - URB;25;9.187;2.972;8.648;2.690;0;5.197;3.258;1.604;9.744;0;1.421
5;GUANABARA - URB;60;33.873;12.006;60.989;12.055;305;14.267;6.650;11.044;48.853;3.616;3.725
5;GUANABARA - URB;64;28.658;8.396;40.855;8.662;215;18.475;9.361;7.574;42.891;3.032;3.162
5;GUANABARA - URB;67;6.882;2.262;12.937;1.941;52;4.535;2.494;2.316;15.730;292;1.159
5;GUANABARA - URB;70;17.039;6.355;32.323;5.104;75;10.442;6.296;5.467;34.128;1.925;2.871
5;GUANABARA - URB;72;15.025;5.274;30.340;7.760;103;7.202;3.397;6.083;31.357;2.488;2.186
5;GUANABARA - URB;75;13.918;3.631;17.246;3.824;131;5.609;2.222;4.464;16.877;941;1.719
5;GUANABARA - URB;76;3.753;1.263;7.102;1.430;49;3.479;872;1.340;8.165;0;569
5;GUANABARA - URB;77;25.313;11.031;56.635;13.367;119;10.398;5.528;8.943;47.278;3.725;3.871
5;GUANABARA - URB;79;31.501;11.009;46.710;11.644;409;11.331;4.531;8.497;41.632;3.942;3.001
5;GUANABARA - URB;81;9.887;2.833;15.257;3.119;15;4.469;1.796;3.765;16.174;402;1.511
5;GUANABARA - URB;84;26.478;6.719;43.541;15.121;320;15.852;6.456;11.805;39.863;3.146;3.604
5;GUANABARA - URB;101;6.912;2.281;14.505;3.378;54;8.298;3.122;2.871;17.352;1.567;1.359
5;GUANABARA - URB;102;2.804;837;5.787;1.312;21;3.123;1.170;1.140;6.827;514;518
5;GUANABARA - URB;592;2.019;447;2.169;477;82;1.155;244;397;1.657;160;821
5;GUANABARA - URB;593;5.394;1.191;2.551;870;0;1.273;494;672;3.859;212;976
5;GUANABARA - URB;600;5;0;4;3;0;0;0;11;0;0;9
5;GUANABARA - URB;1029;10.156;3.562;16.361;4.776;69;4.158;1.817;2.895;13.392;1.260;1.089
5;GUANABARA - URB;1214;6.491;2.459;13.547;2.418;25;5.529;3.028;2.521;12.326;0;1.667
5;GUANABARA - URB;1301;6.701;1.666;7.096;1.767;65;3.029;1.263;1.881;7.854;0;1.212
5;GUANABARA - URB;1302;2.323;613;2.334;605;24;1.124;460;560;2.898;0;434
5;GUANABARA - URB;1516;13.889;4.905;23.748;4.769;203;9.267;4.817;5.309;26.768;1.601;2.021
5;GUANABARA - URB;1778;12.456;4.357;22.649;5.246;168;8.706;4.752;4.655;22.472;815;2.009
5;GUANABARA - URB;2369;1.232;472;2.266;956;0;1.014;485;437;1.615;0;387
5;GUANABARA - URB;6162;9.197;2.641;11.625;2.190;34;4.482;2.566;2.329;11.158;362;1.571
5;GUANABARA - URB;6443;10.082;3.015;17.602;3.850;15;5.470;2.476;4.337;15.937;1.080;1.088
5;GUANABARA - URB;7501;1.680;379;2.652;368;0;688;252;800;2.028;152;210
5;GUANABARA - URB;7502;2.892;701;2.728;625;0;1.104;477;815;3.180;0;243
5;GUANABARA - URB;7601;219;72;479;98;0;307;139;66;604;631;74
5;REUNIDAS;7;24.251;6.934;46.135;11.828;228;9.565;3.469;8.873;38.172;3.536;3.310
5;REUNIDAS;26;30.372;12.427;50.952;15.085;265;8.229;4.186;8.755;40.947;3.983;3.087
5;REUNIDAS;27;14.227;3.840;24.991;5.351;122;9.997;4.345;5.813;27.183;2.500;2.630
5;REUNIDAS;35;23.828;7.508;34.573;11.444;1.353;12.400;6.493;9.278;29.979;2.144;2.433
5;REUNIDAS;68;13.196;3.800;23.674;5.467;192;9.348;2.991;5.933;25.028;1.705;2.091
5;REUNIDAS;73;55.130;26.457;109.796;34.209;578;17.580;9.131;15.927;82.989;9.148;4.960
5;REUNIDAS;85;19.042;4.300;19.068;5.882;960;8.825;4.015;5.178;17.719;0;1.807
5;REUNIDAS;1029;28.001;9.488;41.865;12.483;173;10.789;4.318;7.595;34.256;3.614;2.627
5;REUNIDAS;1778;4.261;1.547;8.310;1.854;62;3.025;1.638;1.612;8.108;881;748
5;REUNIDAS;6443;10.320;3.282;19.081;4.278;14;6.053;2.546;4.346;17.767;1.312;1.124
5;REUNIDAS;7847;23.635;8.671;34.484;7.283;76;10.761;4.965;8.926;34.692;2.771;2.478
5;REUNIDAS;9018;16;6;332;244;0;354;23;9;157;5;96
5;SANTA MARIA - URB;24;22.816;8.226;34.065;12.276;0;11.944;6.239;10.047;32.842;1.285;3.039
5;SANTA MARIA - URB;34;7.227;2.405;10.300;3.278;0;8.405;4.572;2.664;13.258;0;1.510
5;SANTA MARIA - URB;36;11.624;4.261;15.123;5.583;0;7.774;3.675;3.305;17.156;953;2.030
5;SANTA MARIA - URB;37;33.521;16.201;32.512;12.776;1;11.992;6.652;8.976;37.524;1.966;3.347
5;SANTA MARIA - URB;38;33.898;12.224;47.394;14.488;0;31.734;14.727;11.042;65.883;5.683;4.033
5;SANTA MARIA - URB;39;24.094;7.807;33.413;11.941;0;9.404;4.076;7.322;26.064;1.438;3.046
5;SANTA MARIA - URB;44;19.631;9.202;27.096;7.835;0;12.841;7.054;7.045;30.445;1.223;3.203
5;SANTA MARIA - URB;46;29.702;14.677;28.743;14.324;0;6.774;4.917;7.530;35.784;2.107;2.650
5;SANTA MARIA - URB;48;18.034;7.659;15.346;7.368;1;8.280;4.456;3.527;19.263;1.170;2.091
5;SANTA MARIA - URB;54;32.676;15.780;36.808;15.076;0;11.469;7.309;8.231;45.040;3.493;3.380
5;SANTA MARIA - URB;56;7.578;3.663;24.412;10.762;0;3.143;2.010;4.363;19.119;1.047;2.345
5;SANTA MARIA - URB;66;14.301;6.375;15.489;2.450;0;3.678;1.827;3.256;17.747;1.740;1.982
5;SANTA MARIA - URB;83;8.627;4.040;16.641;1.475;0;4.137;1.452;3.242;17.725;1.851;1.386
5;SANTA MARIA - URB;331;13.642;4.344;17.889;4.134;0;4.993;2.024;4.823;15.334;1.138;1.280
5;SANTA MARIA - URB;332;3.579;1.146;4.568;1.155;0;1.035;407;1.107;3.437;157;577
5;SANTA MARIA - URB;411;5.413;1.594;6.978;2.965;0;3.085;988;1.936;7.228;462;687
5;SANTA MARIA - URB;561;61;100;2.011;534;0;135;3;190;639;36;313
5;VIA SUL - URB;50;44.058;17.355;73.266;22.813;181;18.057;7.789;14.383;59.596;3.783;4.956
5;VIA SUL - URB;51;26.894;12.781;25.280;9.535;0;10.321;5.819;7.014;30.303;1.058;3.054
5;VIA SUL - URB;52;21.309;10.070;24.652;8.550;2;11.112;6.687;6.244;29.888;1.010;3.049
5;VIA SUL - URB;65;13.055;5.928;14.185;4.525;0;4.805;2.091;3.620;13.984;0;1.652
6;CONCEIÇÃO;21;20335;8913;36668;8815;1;16761;7633;6959;41766;0;3802
6;CONCEIÇÃO;22;7399;3245;13335;3396;0;8746;3642;2593;14957;0;1856
6;CONCEIÇÃO;30;18009;7297;22660;5805;0;7545;3202;5497;22377;0;2356
6;CONCEIÇÃO;31;21421;8124;23795;9074;0;7668;3445;6132;22088;0;2459
6;CONCEIÇÃO;41;12168;5091;22783;10001;0;6721;3632;5252;15944;0;2422
6;CONCEIÇÃO;59;12227;5132;21010;7910;10;12791;4191;4760;24213;0;2508
6;CONCEIÇÃO;63;44860;17485;48275;22579;0;16836;6518;8393;41456;0;4025
6;CONCEIÇÃO;71;12768;5285;19915;3883;0;10768;4048;3588;22382;0;2222
6;CONCEIÇÃO;76;3748;1420;7537;1487;57;3293;1201;1509;8381;0;648
6;CONCEIÇÃO;83;6705;3925;14356;1304;0;3052;1264;2602;15445;0;1220
6;CONCEIÇÃO;411;8868;2885;11098;4861;0;4769;1636;2972;11225;0;1081
6;CONCEIÇÃO;587;502;0;428;136;2;591;100;105;1295;0;1394
6;CONCEIÇÃO;599;8830;2806;14389;5953;7;4768;811;3536;9744;0;1385
6;CONCEIÇÃO;905;85;107;710;49;0;149;10;30;463;0;213
6;CONCEIÇÃO;2369;1210;404;1615;1020;0;1013;473;339;1314;0;404
6;CONCEIÇÃO;3001;2881;1204;3988;1707;0;1363;648;946;3572;0;626
6;CONCEIÇÃO;3101;1753;790;2449;1087;0;748;353;665;2124;0;374
6;CONCEIÇÃO;6301;5469;2598;9702;2429;0;2913;1031;1791;8418;0;1024
6;CONCEIÇÃO;7601;51;28;128;30;0;76;33;13;206;0;23
6;DUNAS - URB;33;49689;22785;71900;19463;99;19164;6656;16077;66098;0;4363
6;DUNAS - URB;40;35727;14808;53560;18332;16;33102;12175;11980;68689;0;4280
6;DUNAS - URB;57;3635;1408;3121;1293;0;1546;485;891;2775;0;536
6;DUNAS - URB;331;15792;5938;20313;4466;5;5657;2227;5618;18137;0;1406
6;DUNAS - URB;332;3196;1224;4804;1055;0;1161;393;1187;3479;0;574
6;DUNAS - URB;411;5032;1836;7022;3030;0;2921;938;1730;6927;0;664
6;GUANABARA - URB;2;17241;7500;38732;7713;274;8661;4186;6112;29496;0;2538
6;GUANABARA - URB;4;12316;7291;30858;6408;0;4258;2407;3797;20920;0;2100
6;GUANABARA - URB;5;5873;2387;11771;1792;38;4051;2071;1938;13475;0;1247
6;GUANABARA - URB;8;32152;13046;51912;20967;523;18918;6434;9695;44637;0;3286
6;GUANABARA - URB;18;550;129;702;178;0;61;37;87;173;0;50
6;GUANABARA - URB;19;6602;2892;13285;4286;0;8805;4126;3237;13683;0;1713
6;GUANABARA - URB;20;7676;3532;13107;4134;0;10576;6055;3399;15475;0;2135
6;GUANABARA - URB;25;7552;3079;8260;2273;0;4986;2991;1560;9165;0;1427
6;GUANABARA - URB;60;30640;12907;59371;11642;322;13685;6624;10652;45880;0;3792
6;GUANABARA - URB;64;23770;8537;38452;7962;176;17499;8645;6897;40708;0;3060
6;GUANABARA - URB;67;6515;2535;13064;2001;32;4509;2559;2391;15264;0;1165
6;GUANABARA - URB;70;14819;7345;31409;4805;87;9897;6906;5319;33026;0;2821
6;GUANABARA - URB;72;15224;6612;31829;8084;92;7429;3425;6684;31577;0;2370
6;GUANABARA - URB;75;11840;3705;17201;3359;122;5138;2311;4266;16299;0;1749
6;GUANABARA - URB;76;3431;1346;6821;1633;55;3433;968;1302;7920;0;573
6;GUANABARA - URB;77;21844;12080;52573;12734;109;9240;5096;8622;44336;0;3663
6;GUANABARA - URB;79;28762;11939;44899;11194;372;10976;4356;8124;38407;0;3076
6;GUANABARA - URB;81;8400;2713;14465;2752;18;4223;1789;3605;14945;0;1507
6;GUANABARA - URB;84;22103;6979;38918;13562;212;13596;5706;10355;33533;0;3486
6;GUANABARA - URB;101;5992;2599;13251;3076;46;7634;2857;2762;16607;0;1319
6;GUANABARA - URB;102;1974;844;4339;972;20;2455;890;918;5234;0;418
6;GUANABARA - URB;592;1588;392;1817;407;55;1026;244;366;1243;0;675
6;GUANABARA - URB;593;4477;1143;2287;739;0;1147;396;499;2999;0;919
6;GUANABARA - URB;1029;9032;3846;16282;4263;53;4154;1756;2937;13077;0;1072
6;GUANABARA - URB;1214;5607;2435;12757;1957;18;4983;2982;2324;11152;0;1669
6;GUANABARA - URB;1301;5946;1644;6557;1631;65;2807;1182;1771;7125;0;1192
6;GUANABARA - URB;1302;2180;665;2295;602;18;1026;461;617;2774;0;463
6;GUANABARA - URB;1516;11943;5060;21780;4431;171;8601;4622;4868;24502;0;1935
6;GUANABARA - URB;1778;10994;4886;21933;5153;150;8626;4781;4417;21453;0;2052
6;GUANABARA - URB;2369;1178;478;2123;786;0;982;465;422;1548;0;398
6;GUANABARA - URB;6162;7403;2627;10992;1883;41;4266;2438;2221;10289;0;1512
6;GUANABARA - URB;6443;8975;3497;16906;3560;8;5464;2479;3965;15675;0;1112
6;GUANABARA - URB;7501;1333;429;2471;397;0;635;249;777;1939;0;206
6;GUANABARA - URB;7502;1894;532;2166;527;0;925;408;589;2525;0;215
6;GUANABARA - URB;7601;123;77;350;75;0;224;60;55;455;0;48
6;REUNIDAS;7;22152;7475;44989;10894;221;8666;3362;8726;36084;0;3344
6;REUNIDAS;26;26705;13796;49710;14572;279;7763;4278;8390;39086;0;3056
6;REUNIDAS;27;13143;4639;24958;5221;144;10158;4716;5682;26858;0;2793
6;REUNIDAS;35;20730;7903;33772;10310;1309;12103;6303;9030;28729;0;2373
6;REUNIDAS;68;11470;4135;23106;5290;181;8401;2776;5738;22425;0;2075
6;REUNIDAS;73;48333;29076;107369;33289;530;16590;9180;15834;78222;0;4943
6;REUNIDAS;85;16961;4716;19519;6041;941;9002;4357;5207;18147;0;2103
6;REUNIDAS;1029;25185;10408;39961;11677;164;10205;3975;7518;32094;0;2612
6;REUNIDAS;1778;3379;1621;7581;1682;53;2565;1468;1375;7536;0;682
6;REUNIDAS;6443;9580;3722;18465;4048;13;6014;2506;4235;17792;0;1104
6;REUNIDAS;7847;20669;9143;32930;6971;90;10080;4816;8625;32193;0;2436
6;REUNIDAS;9018;10;12;266;220;0;353;21;2;157;0;86
6;SANTA MARIA - URB;24;20162;8523;33535;12008;0;11274;6166;9861;29712;0;3063
6;SANTA MARIA - URB;34;6719;2719;10085;3256;0;8277;4644;2593;12823;0;1630
6;SANTA MARIA - URB;36;9882;4407;15131;5527;0;7763;3904;3177;16874;0;2095
6;SANTA MARIA - URB;37;28559;16089;31244;12117;0;11312;6543;8335;34400;0;3208
6;SANTA MARIA - URB;38;31854;13924;46193;13698;14;30766;14534;10996;64441;0;3981
6;SANTA MARIA - URB;39;20882;8408;32025;10833;0;8573;3702;6697;23616;0;2989
6;SANTA MARIA - URB;44;17173;10001;26284;7688;0;12366;7266;6842;29769;0;3055
6;SANTA MARIA - URB;46;24588;15439;26875;12830;0;6739;4975;7177;33197;0;2574
6;SANTA MARIA - URB;48;15810;7994;14365;6713;0;7631;4175;3440;17996;0;2020
6;SANTA MARIA - URB;54;27472;17008;36128;14230;0;10828;7197;7932;41499;0;3223
6;SANTA MARIA - URB;56;6631;3743;23327;10267;0;3082;2060;4051;17650;0;2222
6;SANTA MARIA - URB;66;11500;6338;14478;2229;0;3215;1911;3083;15984;0;1864
6;SANTA MARIA - URB;83;7385;4398;16051;1493;0;3843;1371;3223;16900;0;1335
6;SANTA MARIA - URB;331;12438;4680;16970;3675;30;4537;1710;4605;14342;0;1221
6;SANTA MARIA - URB;332;3323;1139;4469;1027;0;1067;485;1033;3213;0;541
6;SANTA MARIA - URB;411;5553;1801;7227;3234;0;3040;1024;1898;7101;0;683
6;SANTA MARIA - URB;561;55;64;1806;479;0;107;1;170;489;0;293
6;VIA SUL - URB;50;38482;18491;69165;21382;193;16585;7357;13900;55379;0;4769
6;VIA SUL - URB;51;22211;12075;23589;8778;0;9398;5442;6523;27323;0;3026
6;VIA SUL - URB;52;17960;10385;23529;7753;0;10946;6962;5954;28512;0;2978
6;VIA SUL - URB;65;11639;6006;13987;4146;0;4677;2149;3591;12895;0;1743
7;CONCEIÇÃO;21;19585;8418;37031;8944;0;16636;7909;6658;41739;0;3701
7;CONCEIÇÃO;22;6743;2888;12325;2954;0;7986;3389;2617;13905;0;1768
7;CONCEIÇÃO;30;15352;6548;21910;5971;0;7359;3256;5391;21919;0;2478
7;CONCEIÇÃO;31;16900;6611;23963;7779;0;7689;3400;6131;22092;0;2529
7;CONCEIÇÃO;41;10322;4063;20802;8394;0;5716;2979;4752;14168;0;2241
7;CONCEIÇÃO;59;12316;5538;21416;8083;18;13360;4563;4574;27125;0;2615
7;CONCEIÇÃO;63;33425;13785;46007;16414;0;15881;6230;8771;41625;0;3892
7;CONCEIÇÃO;71;11596;5020;19133;3677;0;10836;4269;3407;23563;0;2249
7;CONCEIÇÃO;76;3654;1388;7807;1515;63;3627;1308;1438;8847;0;668
7;CONCEIÇÃO;83;5463;3507;14848;1414;0;3100;1267;2573;16323;0;1245
7;CONCEIÇÃO;411;10140;2686;11047;4688;0;5015;1719;3094;11883;0;1147
7;CONCEIÇÃO;587;793;0;478;162;0;721;92;97;1370;0;1460
7;CONCEIÇÃO;599;10394;3019;14997;6037;66;5273;978;3829;11178;0;1482
7;CONCEIÇÃO;905;121;81;899;49;0;199;23;25;477;0;225
7;CONCEIÇÃO;2369;1141;377;1612;939;0;1037;488;418;1426;0;392
7;CONCEIÇÃO;3001;2758;1222;4758;1732;0;1658;810;1226;4195;0;694
7;CONCEIÇÃO;3101;1450;568;2513;1137;0;661;358;686;2028;0;347
7;CONCEIÇÃO;6301;5652;2725;10748;2604;0;3311;1253;2025;9565;0;1054
7;CONCEIÇÃO;7601;9;4;20;7;0;8;3;4;30;0;4
7;DUNAS - URB;33;45892;21153;74571;19488;162;19516;6863;16871;69330;0;4350
7;DUNAS - URB;40;37257;14198;54915;18689;42;35202;12874;12426;70391;0;4478
7;DUNAS - URB;57;2600;1110;3383;1280;0;1717;529;870;2990;0;595
7;DUNAS - URB;331;13125;5093;21469;4260;12;6258;2236;6018;19121;0;1593
7;DUNAS - URB;332;2647;1013;5157;1114;0;1060;468;1255;3393;0;593
7;DUNAS - URB;411;5783;1753;7325;3273;0;3048;993;1811;7094;0;719
7;GUANABARA - URB;2;15715;7232;40706;8031;252;9355;4470;6622;31207;0;2748
7;GUANABARA - URB;4;10794;7056;31917;6519;0;4506;2512;3950;23036;0;2302
7;GUANABARA - URB;5;6412;2464;13624;1912;32;4913;2459;2122;15877;0;1465
7;GUANABARA - URB;8;32129;13079;54008;21460;522;20086;7060;10309;48582;0;3477
7;GUANABARA - URB;13;17;15;35;10;0;5;0;6;47;0;8
7;GUANABARA - URB;18;315;92;744;149;0;59;17;79;173;0;58
7;GUANABARA - URB;19;6344;2753;13677;4275;0;9402;4513;3139;14427;0;1903
7;GUANABARA - URB;20;7394;3372;13512;3998;0;11159;6571;3543;16784;0;2320
7;GUANABARA - URB;25;7325;2790;8035;2236;0;5003;2982;1754;9837;0;1438
7;GUANABARA - URB;60;27735;12299;63176;12249;349;14512;6931;11326;49457;0;4106
7;GUANABARA - URB;64;25490;8880;41658;8001;196;18424;9295;7396;44292;0;3459
7;GUANABARA - URB;67;6704;2465;13448;1993;53;4764;2454;2400;16082;0;1279
7;GUANABARA - URB;70;13929;7037;31711;4628;86;10111;6618;5268;34583;0;2826
7;GUANABARA - URB;72;14206;6043;35044;8740;103;7861;3606;6819;35032;0;2644
7;GUANABARA - URB;75;10575;3172;15635;2910;94;4888;1998;3787;15695;0;1626
7;GUANABARA - URB;76;3388;1305;6959;1566;61;3567;922;1425;7836;0;576
7;GUANABARA - URB;77;19311;11431;55063;13196;104;9736;5267;8809;48393;0;3988
7;GUANABARA - URB;79;24562;10975;46208;11188;359;11528;4486;8113;39778;0;3087
7;GUANABARA - URB;81;7498;2650;14202;2559;18;4111;1818;3434;14241;0;1422
7;GUANABARA - URB;84;20368;6577;37401;12817;244;12847;5677;9891;31952;0;3563
7;GUANABARA - URB;101;6694;3026;15743;3698;40;9168;3395;3429;20542;0;1635
7;GUANABARA - URB;102;1122;454;2859;572;6;1575;574;543;3172;0;277
7;GUANABARA - URB;592;1548;371;1958;431;55;947;278;368;1306;0;771
7;GUANABARA - URB;593;4485;952;2109;779;0;1122;381;535;3046;0;980
7;GUANABARA - URB;1029;6460;2854;14575;3537;43;3749;1631;2635;12332;0;1006
7;GUANABARA - URB;1214;5114;2158;11748;1734;32;4570;2998;2102;10728;0;1474
7;GUANABARA - URB;1301;5600;1521;6579;1646;59;2722;1243;1736;7176;0;1216
7;GUANABARA - URB;1302;2675;807;2815;759;32;1354;615;719;3557;0;600
7;GUANABARA - URB;1516;11087;4785;22719;4281;159;8683;4539;4906;26234;0;2049
7;GUANABARA - URB;1778;10240;4814;21978;4983;151;8745;4844;4362;22481;0;2044
7;GUANABARA - URB;2369;914;420;2153;690;0;1043;440;491;1488;0;398
7;GUANABARA - URB;6162;6471;2246;10228;1575;28;3819;2341;2033;9843;0;1587
7;GUANABARA - URB;6443;7655;3118;15671;3174;10;5111;2206;3759;15018;0;1082
7;GUANABARA - URB;7501;3644;971;5542;930;0;1651;673;1638;4956;0;481
7;GUANABARA - URB;7502;1475;413;1663;367;0;611;277;483;1877;0;158
7;GUANABARA - URB;7601;364;207;829;170;0;374;130;133;1181;0;95
7;REUNIDAS;7;21232;7177;47211;11406;216;9077;3615;9619;39001;0;3599
7;REUNIDAS;26;19202;10694;50779;14100;234;7822;4473;8776;41601;0;3238
7;REUNIDAS;27;13838;4854;25977;5164;159;10800;4838;5824;29349;0;3107
7;REUNIDAS;35;20620;7571;34184;10862;1266;12745;6573;9224;29604;0;2592
7;REUNIDAS;68;12215;4305;24566;5647;175;9761;3265;6423;24773;0;2343
7;REUNIDAS;73;36317;23770;110321;31765;551;17278;9543;16770;82161;0;5205
7;REUNIDAS;85;15570;4172;18978;5515;696;8694;4264;5030;17025;0;2036
7;REUNIDAS;1029;19597;8665;42034;11661;148;10615;4481;8239;34885;0;2651
7;REUNIDAS;1778;2456;1328;5848;1201;42;2055;1060;1078;5834;0;628
7;REUNIDAS;6443;8506;3209;17920;3837;14;5673;2302;4312;17188;0;1103
7;REUNIDAS;7847;18141;8117;33039;6532;91;10580;5045;8752;33316;0;2542
7;REUNIDAS;9018;8;23;191;195;0;414;25;14;144;0;95
7;SANTA MARIA - URB;24;20167;8554;35432;12507;0;12442;6289;10182;31753;0;3412
7;SANTA MARIA - URB;34;6608;2585;9631;3186;0;8369;4521;2677;12863;0;1606
7;SANTA MARIA - URB;36;10002;4315;15585;5562;0;7746;3867;3291;17450;0;2211
7;SANTA MARIA - URB;37;23834;13672;32475;12010;0;11838;6815;9080;36102;0;3401
7;SANTA MARIA - URB;38;33270;13446;48237;13743;22;32030;15071;11520;66981;0;4299
7;SANTA MARIA - URB;39;17042;6619;33110;10815;0;8763;3994;7267;25067;0;3088
7;SANTA MARIA - URB;44;13995;8135;24989;7192;0;11978;6837;6456;28200;0;2988
7;SANTA MARIA - URB;46;17013;11459;26491;12561;0;6711;5040;7303;33776;0;2696
7;SANTA MARIA - URB;48;11602;6641;14384;5881;0;7621;4233;3564;18048;0;2105
7;SANTA MARIA - URB;54;21330;13679;36429;13243;0;10983;7030;8134;42164;0;3370
7;SANTA MARIA - URB;56;6100;3482;25926;11514;0;3099;2027;4410;19295;0;2283
7;SANTA MARIA - URB;66;6933;4484;14899;2244;0;3474;1795;3165;16544;0;1962
7;SANTA MARIA - URB;83;6614;4115;18239;1604;0;4109;1419;3588;19021;0;1435
7;SANTA MARIA - URB;331;10638;3968;17230;3500;38;4553;1768;4637;14818;0;1264
7;SANTA MARIA - URB;332;2797;1079;4778;988;0;1091;439;1105;3190;0;616
7;SANTA MARIA - URB;411;6678;1697;7761;3243;0;3327;1080;2032;7945;0;717
7;SANTA MARIA - URB;561;42;81;2344;551;0;99;8;205;676;0;331
7;VIA SUL - URB;50;30033;15261;68104;20281;181;16458;7437;14009;56394;0;4835
7;VIA SUL - URB;51;17767;10204;24600;8590;0;9713;5741;6876;27922;0;3185
7;VIA SUL - URB;52;14554;8763;23378;7767;0;11128;6892;6100;27427;0;3088
7;VIA SUL - URB;65;9064;5004;14317;4015;0;4654;2179;3666;12786;0;1829
8;CONCEIÇÃO;21;26987;9564;39537;10460;0;18579;8899;7964;47065;0;4167
8;CONCEIÇÃO;22;9337;3278;13866;3377;0;9596;4414;3210;16810;0;1964
8;CONCEIÇÃO;30;23907;7563;24858;6866;0;8361;3627;6239;24311;0;2646
8;CONCEIÇÃO;31;28645;8425;26907;10680;0;8583;3883;7269;24802;0;2762
8;CONCEIÇÃO;41;16124;5209;27305;12141;2;8054;4353;6327;19057;0;2853
8;CONCEIÇÃO;59;14883;6063;21664;8280;22;13906;4835;5281;28680;0;2632
8;CONCEIÇÃO;63;59056;17759;51840;26449;0;19201;7964;10033;45732;0;4303
8;CONCEIÇÃO;71;17212;5907;21531;4105;0;11904;4723;4006;26065;0;2405
8;CONCEIÇÃO;76;4329;1428;7847;1701;57;3852;1316;1660;9830;0;700
8;CONCEIÇÃO;83;7980;4127;15774;1448;0;3196;1348;2989;16744;0;1275
8;CONCEIÇÃO;411;11558;2845;11224;4730;0;4967;1913;3303;12154;0;1185
8;CONCEIÇÃO;587;1163;0;479;249;0;888;109;125;1385;0;1468
8;CONCEIÇÃO;599;13057;3239;16496;6693;71;5993;975;4143;11800;0;1543
8;CONCEIÇÃO;905;77;57;740;55;0;174;8;41;505;0;211
8;CONCEIÇÃO;2369;1481;439;1720;1195;0;1016;503;423;1599;0;408
8;CONCEIÇÃO;3001;3936;1308;4397;1849;0;1682;854;1230;3943;0;704
8;CONCEIÇÃO;3101;2086;641;2342;1179;0;679;336;676;1954;0;364
8;CONCEIÇÃO;6301;7467;2852;11690;3102;0;3514;1367;2288;10220;0;1180
8;CONCEIÇÃO;7601;74;31;191;29;0;117;46;21;260;0;24
8;DUNAS - URB;33;63380;22643;76702;20822;205;20232;7795;18331;71492;0;4575
8;DUNAS - URB;40;46353;15168;56892;20178;29;37702;14809;14026;74723;0;4633
8;DUNAS - URB;57;4389;1384;3373;1374;0;1882;578;827;3012;0;588
8;DUNAS - URB;98;88;66;77;0;0;19;0;16;97;0;14
8;DUNAS - URB;331;19135;5731;22588;5235;12;6844;2648;6530;20690;0;1623
8;DUNAS - URB;332;4000;1136;5274;1097;0;1327;523;1317;3670;0;607
8;DUNAS - URB;411;6553;1845;7608;3549;0;3267;1179;2110;7569;0;752
8;DUNAS - URB;7451;165;127;180;0;0;12;1;15;160;0;33
8;GUANABARA - URB;2;22638;7627;42032;8894;282;9903;4667;7395;32774;0;2817
8;GUANABARA - URB;4;16045;7843;34354;7708;1;4919;2932;4556;24372;0;2355
8;GUANABARA - URB;5;7568;2450;13295;1899;56;4924;2556;2333;16804;0;1474
8;GUANABARA - URB;8;40858;13946;57390;23773;611;21427;7765;11355;50572;0;3611
8;GUANABARA - URB;13;69;31;147;39;2;78;31;42;196;0;33
8;GUANABARA - URB;18;1167;203;902;255;0;128;46;122;211;0;66
8;GUANABARA - URB;19;8375;3308;14025;4455;0;10112;4819;3605;15782;0;1970
8;GUANABARA - URB;20;9621;3847;14340;4443;0;12407;7040;4002;18507;0;2532
8;GUANABARA - URB;25;9893;3532;8614;2510;0;5589;3484;1941;10722;0;1497
8;GUANABARA - URB;60;40749;13140;64289;13435;397;15449;7565;12360;52669;0;4191
8;GUANABARA - URB;64;34451;10326;45262;9435;215;20574;10893;8416;49033;0;4306
8;GUANABARA - URB;67;8230;2703;13917;1980;38;5139;3122;2884;17610;0;1295
8;GUANABARA - URB;70;19254;7708;34800;5155;79;11411;7361;6126;38737;0;3235
8;GUANABARA - URB;72;19662;6818;36292;9963;100;8707;4547;7747;36758;0;2768
8;GUANABARA - URB;75;18638;4840;21220;4290;126;7199;2867;5576;22197;0;2267
8;GUANABARA - URB;76;4529;1364;7458;1699;54;3812;1008;1584;8637;0;635
8;GUANABARA - URB;77;30969;12705;59286;15424;109;11309;6058;10466;52631;0;4336
8;GUANABARA - URB;79;37335;11775;48486;12679;398;12275;4827;9258;42877;0;3430
8;GUANABARA - URB;81;10342;3099;15159;3139;15;5008;2071;4108;16454;0;1701
8;GUANABARA - URB;84;26704;6889;40075;15017;240;14563;6328;11639;35811;0;3850
8;GUANABARA - URB;101;7781;2644;15452;3581;54;8881;3582;3449;19816;0;1525
8;GUANABARA - URB;102;2309;802;4507;922;14;2588;994;989;5606;0;433
8;GUANABARA - URB;592;1878;396;1995;555;56;1012;274;418;1319;0;856
8;GUANABARA - URB;593;6124;1112;2380;892;0;1196;465;601;3208;0;1054
8;GUANABARA - URB;1029;10473;3426;15096;4687;68;4387;2051;2688;13166;0;1133
8;GUANABARA - URB;1214;7100;2485;13841;2057;29;5645;3555;2621;13277;0;1912
8;GUANABARA - URB;1301;5604;1242;5068;1204;39;2097;945;1561;5689;0;916
8;GUANABARA - URB;1302;4764;1191;4555;1138;30;2106;952;1121;5558;0;897
8;GUANABARA - URB;1516;15922;5738;24324;4719;237;9751;5324;5715;29058;0;2349
8;GUANABARA - URB;1778;14736;5404;24356;5392;208;10178;5454;5169;26019;0;2401
8;GUANABARA - URB;2369;1345;558;2348;943;0;1106;498;539;1722;0;421
8;GUANABARA - URB;6162;9392;2680;11545;1959;41;4513;2903;2535;11014;0;1772
8;GUANABARA - URB;6443;10670;3333;17796;3850;17;5967;2852;4547;17180;0;1280
8;GUANABARA - URB;7501;3222;752;3710;749;0;1160;532;1354;3678;0;276
8;GUANABARA - URB;7502;46;8;38;12;0;13;2;9;49;0;3
8;GUANABARA - URB;7601;236;99;505;107;0;270;124;104;850;0;61
8;REUNIDAS;7;28896;7697;48562;11984;272;9919;3998;10197;41011;0;3590
8;REUNIDAS;26;32788;13067;52879;15580;295;8284;4966;9477;43431;0;3283
8;REUNIDAS;27;16328;5070;26953;5190;155;11179;5408;6548;31319;0;3110
8;REUNIDAS;35;26512;8281;35634;11259;1206;13608;7434;10181;31527;0;2671
8;REUNIDAS;68;16292;4903;26601;5956;248;10673;3882;7173;26725;0;2436
8;REUNIDAS;73;59512;28088;112950;35284;561;17999;10048;17879;86623;0;5224
8;REUNIDAS;85;21027;4508;19433;5934;765;9323;4627;5569;18096;0;2158
8;REUNIDAS;1029;34660;10919;46366;13694;190;11974;4896;9309;37880;0;2944
8;REUNIDAS;1778;4512;1731;7802;1699;57;2926;1610;1617;8198;0;764
8;REUNIDAS;6443;11903;3865;19944;4565;15;6809;3051;5076;20002;0;1269
8;REUNIDAS;7847;25405;9479;34435;7295;84;11310;5707;9585;35783;0;2576
8;REUNIDAS;9018;5;17;164;244;0;346;20;13;179;0;91
8;SANTA MARIA - URB;24;26381;9485;37408;14094;0;13230;7350;11501;33687;0;3615
8;SANTA MARIA - URB;34;8660;2820;10441;3540;0;9376;5154;3255;14562;0;1737
8;SANTA MARIA - URB;36;13138;5362;17424;6669;0;8711;4275;3780;19168;0;2293
8;SANTA MARIA - URB;37;40330;16903;36687;14509;0;13260;7830;10816;40650;0;3840
8;SANTA MARIA - URB;38;41114;15039;50811;15626;33;35388;17414;12938;74267;0;4461
8;SANTA MARIA - URB;39;27118;8314;36662;13029;0;9738;4479;8244;27125;0;3223
8;SANTA MARIA - URB;43;0;0;0;0;0;0;0;0;0;0;1
8;SANTA MARIA - URB;44;23007;10209;30415;8440;0;14089;8116;8119;33373;0;3489
8;SANTA MARIA - URB;46;31435;15229;29467;14640;0;7560;6186;8480;37435;0;2751
8;SANTA MARIA - URB;48;20764;7875;15713;7668;0;8189;4731;3776;19285;0;2140
8;SANTA MARIA - URB;54;33704;16518;37397;15153;0;11262;7644;8707;43460;0;3382
8;SANTA MARIA - URB;56;8079;3908;25942;11372;0;3550;2471;4946;20630;0;2290
8;SANTA MARIA - URB;66;15759;6724;16814;2576;0;3785;2080;3628;18948;0;2126
8;SANTA MARIA - URB;83;9066;4483;18322;1684;0;4223;1510;3706;18871;0;1437
8;SANTA MARIA - URB;322;25;6;30;0;0;0;0;3;10;0;4
8;SANTA MARIA - URB;331;15504;4678;18225;4164;22;5206;1943;5157;16059;0;1312
8;SANTA MARIA - URB;332;4141;1115;4976;1131;0;1077;520;1198;3505;0;594
8;SANTA MARIA - URB;411;7829;1849;7927;3529;0;3560;1186;2282;8418;0;763
8;SANTA MARIA - URB;561;61;80;2118;606;0;123;4;204;714;0;342
8;VIA SUL - URB;50;50046;18556;75385;24216;270;19818;8773;16290;63519;0;5407
8;VIA SUL - URB;51;30747;12638;27161;10109;1;10911;6856;7825;31664;0;3404
8;VIA SUL - URB;52;22569;10248;26397;8901;0;12054;8053;7267;30299;0;3342
8;VIA SUL - URB;65;15325;5976;15417;4582;0;5115;2573;4072;14247;0;1938
9;CONCEIÇÃO;21;27123;4877;37501;9927;0;17449;8856;7483;43980;2142;3918
9;CONCEIÇÃO;22;8982;1814;12226;3027;0;8563;4253;2874;15720;0;1753
9;CONCEIÇÃO;30;22559;3494;22137;5952;0;7454;3713;5477;23000;867;2432
9;CONCEIÇÃO;31;26105;3892;22514;9163;0;7354;3639;5909;22407;0;2409
9;CONCEIÇÃO;41;15289;2047;22084;10222;0;6952;4051;5500;17275;0;2385
9;CONCEIÇÃO;59;14853;3315;19688;7342;19;13079;4700;5008;27787;2124;2529
9;CONCEIÇÃO;63;55360;8462;46138;23372;1;17327;7589;9084;44929;1713;4147
9;CONCEIÇÃO;71;16579;3330;19270;3696;0;10832;4561;3877;24229;1797;2291
9;CONCEIÇÃO;76;4253;746;7288;1427;52;3480;1280;1497;8619;686;657
9;CONCEIÇÃO;83;8865;2167;14995;1391;0;2968;1320;2673;16095;865;1221
9;CONCEIÇÃO;411;11199;1391;10011;4636;0;4461;1726;3013;11174;327;1039
9;CONCEIÇÃO;587;1428;2;533;175;0;942;159;108;1724;0;1332
9;CONCEIÇÃO;599;12866;1570;14628;6062;47;5639;924;3688;11076;389;1431
9;CONCEIÇÃO;905;124;37;876;47;0;220;11;36;551;25;211
9;CONCEIÇÃO;2369;1390;178;1508;1136;0;956;547;381;1661;0;364
9;CONCEIÇÃO;3001;3793;615;4124;1676;0;1620;867;1080;3769;264;631
9;CONCEIÇÃO;3101;2064;312;2217;1185;0;659;404;631;2081;0;356
9;CONCEIÇÃO;6301;7212;1232;10295;2825;0;3140;1341;2037;9221;659;1053
9;CONCEIÇÃO;7601;110;33;216;38;0;120;64;41;397;0;32
9;DUNAS - URB;33;60017;9664;67806;18870;161;18092;7474;16496;67102;2964;4305
9;DUNAS - URB;40;44374;7607;51186;18268;20;33990;13924;12518;69941;2363;4341
9;DUNAS - URB;57;4630;820;2986;1303;0;1771;538;911;2886;0;506
9;DUNAS - URB;97;25;4;90;0;0;7;15;16;67;0;4
9;DUNAS - URB;331;18731;2749;19774;4511;10;5898;2404;5881;18995;0;1448
9;DUNAS - URB;332;3628;602;4848;966;0;1047;478;1159;3575;0;552
9;DUNAS - URB;411;6215;858;7027;3389;0;3003;1073;2025;7055;391;684
9;GUANABARA - URB;2;21694;3623;37942;7950;303;8814;4547;6706;30524;1331;2601
9;GUANABARA - URB;4;16259;3509;30853;6913;2;4416;2906;4108;23120;1119;2156
9;GUANABARA - URB;5;7480;1209;12232;1665;51;4627;2509;2224;15695;1045;1361
9;GUANABARA - URB;8;38846;7256;52371;21562;524;19269;7196;10393;46699;2784;3333
9;GUANABARA - URB;13;2;0;3;5;0;0;0;0;6;0;2
9;GUANABARA - URB;18;901;102;765;204;0;107;36;91;191;0;68
9;GUANABARA - URB;19;8354;1884;12493;4044;2;9084;4524;3162;14865;379;1832
9;GUANABARA - URB;20;9598;1905;12138;3851;0;10868;6841;3565;17523;486;2253
9;GUANABARA - URB;25;8963;1668;6964;2098;0;4887;3313;1721;9643;0;1309
9;GUANABARA - URB;60;39018;6376;58110;11689;365;13765;7190;11041;49009;1974;3831
9;GUANABARA - URB;64;32244;5471;40730;8108;199;18669;10530;7934;47006;2026;3871
9;GUANABARA - URB;67;8249;1334;12542;1756;57;4777;2659;2793;17184;0;1216
9;GUANABARA - URB;70;18757;3582;31084;4629;52;10308;6892;5652;37318;1381;2986
9;GUANABARA - URB;72;19430;3017;33575;8842;116;7931;4085;7208;34887;1442;2446
9;GUANABARA - URB;75;17450;2479;18196;3624;128;6221;2653;5094;20423;793;1993
9;GUANABARA - URB;76;4602;784;7000;1570;58;3431;1071;1566;8182;483;592
9;GUANABARA - URB;77;29307;5624;53542;13808;90;10116;5688;9502;49752;2273;3988
9;GUANABARA - URB;79;36109;6053;46043;12017;386;11564;4897;8861;41024;1971;3168
9;GUANABARA - URB;81;10178;1613;13514;2810;19;4635;1903;3758;15710;350;1541
9;GUANABARA - URB;84;25579;3589;36103;13429;216;12872;5951;10773;33682;1959;3504
9;GUANABARA - URB;101;7137;1114;12644;2999;56;7418;3071;2974;16802;1215;1303
9;GUANABARA - URB;102;2814;509;5073;1056;17;2846;1210;1138;6639;0;486
9;GUANABARA - URB;592;1949;195;1991;459;43;925;289;428;1175;81;761
9;GUANABARA - URB;593;6239;602;2497;780;0;1160;433;622;3195;0;969
9;GUANABARA - URB;1029;10462;1945;14353;4397;63;4104;2115;2587;13318;622;1120
9;GUANABARA - URB;1214;6502;1362;11944;1712;11;5036;3147;2211;12692;0;1662
9;GUANABARA - URB;1301;6855;959;6192;1433;43;2776;1323;1870;7442;0;1154
9;GUANABARA - URB;1302;2474;347;2487;587;19;1073;488;652;3066;0;441
9;GUANABARA - URB;1516;15587;2961;21765;4184;169;8948;5035;5038;27230;1195;2079
9;GUANABARA - URB;1602;637;212;589;0;0;254;291;97;991;383;104
9;GUANABARA - URB;1778;14280;2859;21479;4651;182;8860;5232;4506;24145;741;2179
9;GUANABARA - URB;2369;1242;255;2044;797;0;1038;512;410;1694;0;370
9;GUANABARA - URB;6162;8987;1341;10293;1701;18;4066;2857;2311;10957;313;1605
9;GUANABARA - URB;6443;10864;1706;16482;3544;25;5632;2832;4175;17203;751;1169
9;GUANABARA - URB;7501;3490;539;3957;763;0;1294;523;1291;4177;0;331
9;GUANABARA - URB;7601;198;48;367;88;0;215;96;53;650;0;52
9;REUNIDAS;7;26372;4031;44689;10692;235;8946;3751;9200;39475;1932;3450
9;REUNIDAS;26;34235;6764;49863;14601;266;7805;4789;8824;43322;2063;3100
9;REUNIDAS;27;15708;2681;23707;4437;134;10266;5291;5900;31185;1815;2751
9;REUNIDAS;35;26290;4168;32748;10440;1000;12658;7320;9602;30238;1607;2540
9;REUNIDAS;68;15911;2509;24648;5469;165;9715;3616;6342;26147;1093;2233
9;REUNIDAS;73;64051;14496;106976;33082;544;16997;10421;16265;88285;4926;5107
9;REUNIDAS;85;19605;2257;16826;4986;643;8191;4397;5046;16980;0;1980
9;REUNIDAS;1029;31546;5319;41203;11554;170;10595;4932;8322;35994;1817;2679
9;REUNIDAS;1778;4669;954;7679;1490;40;2887;1768;1505;8280;730;759
9;REUNIDAS;6443;11504;1813;17764;3916;14;6157;2927;4434;18712;847;1171
9;REUNIDAS;7847;25268;4865;31241;6684;79;10780;5331;8748;34191;1950;2481
9;REUNIDAS;9018;15;2;259;272;0;310;30;8;153;7;92
9;SANTA MARIA - URB;24;25336;4553;33044;12080;0;11584;6625;10374;31850;771;3311
9;SANTA MARIA - URB;34;7858;1141;8871;2974;0;7953;4642;2652;13211;0;1494
9;SANTA MARIA - URB;36;13223;2454;15120;5985;0;7820;4143;3476;18263;823;2026
9;SANTA MARIA - URB;37;38750;8003;32704;12933;0;11828;7471;9428;38632;1078;3594
9;SANTA MARIA - URB;38;42407;7717;47381;14529;22;33006;17586;12115;72699;3699;4137
9;SANTA MARIA - URB;39;26828;4086;32987;12189;0;9058;4076;7140;25837;760;2997
9;SANTA MARIA - URB;44;22210;4575;26512;7831;0;12933;7847;7165;31228;792;3224
9;SANTA MARIA - URB;46;33542;7345;28344;13966;0;6764;5610;7877;38102;1124;2756
9;SANTA MARIA - URB;48;20326;3855;14010;6877;0;7774;4548;3387;18977;902;2098
9;SANTA MARIA - URB;54;35190;7533;35167;14290;1;10739;7835;8014;43634;1792;3395
9;SANTA MARIA - URB;56;7974;1950;23768;10760;0;3143;2342;4359;19578;618;2196
9;SANTA MARIA - URB;66;15852;3491;15005;2364;0;3594;1987;3177;18462;774;2025
9;SANTA MARIA - URB;83;10121;2521;18072;1666;0;4110;1538;3181;18461;1082;1415
9;SANTA MARIA - URB;331;15273;2211;16862;3765;32;4697;1841;4741;15366;1312;1244
9;SANTA MARIA - URB;332;3809;595;4606;1017;0;1003;515;1093;3536;196;573
9;SANTA MARIA - URB;411;7492;926;7011;3155;0;3300;1076;2185;8037;364;685
9;SANTA MARIA - URB;561;69;28;2116;544;0;112;8;251;860;24;324
9;VIA SUL - URB;50;48262;8168;68292;21787;195;17424;8704;14353;61423;2191;4955
9;VIA SUL - URB;51;29776;5172;23878;8755;0;9479;6469;6824;30332;677;3104
9;VIA SUL - URB;52;22553;4651;22929;7947;0;11179;7744;6267;29106;609;3030
9;VIA SUL - URB;65;14564;2825;13535;4293;0;4482;2303;3579;13396;0;1704
10;CONCEIÇÃO;0021      ;28190;5685;40544;10318;0;18670;9383;7327;42869;6512;4059
10;CONCEIÇÃO;0022      ;9714;2211;12974;2994;0;8985;4213;2871;16723;0;1844
10;CONCEIÇÃO;0030      ;23098;4003;23644;6386;0;8333;3978;5850;22225;3689;2533
10;CONCEIÇÃO;0031      ;26650;4512;24531;9645;0;7784;3795;6442;22914;0;2540
10;CONCEIÇÃO;0041      ;16204;2832;24843;10931;0;7187;4288;6319;18044;4;2566
10;CONCEIÇÃO;0059      ;16022;3806;21426;7612;21;13635;4671;5019;27316;6473;2614
10;CONCEIÇÃO;0063      ;56286;9673;49430;24821;0;18210;7941;9032;40540;8052;4276
10;CONCEIÇÃO;0071      ;16820;3761;20433;3980;0;12047;5116;3957;23052;5060;2414
10;CONCEIÇÃO;0076      ;4237;765;7631;1509;56;3528;1308;1637;8280;1765;648
10;CONCEIÇÃO;0083      ;8639;2204;15724;1466;0;3272;1457;2875;14623;3285;1270
10;CONCEIÇÃO;0411      ;9980;1483;10038;4356;0;4517;1620;2959;10480;1160;1089
10;CONCEIÇÃO;0587      ;1977;3;610;202;0;1231;230;155;1858;285;1492
10;CONCEIÇÃO;0599      ;13347;1905;15650;6336;45;6141;1202;3746;11004;1838;1543
10;CONCEIÇÃO;0905      ;96;37;710;68;0;186;9;28;407;131;219
10;CONCEIÇÃO;2369      ;1405;254;1640;1113;0;1009;536;409;1423;0;388
10;CONCEIÇÃO;3001      ;3935;659;4532;1841;0;1754;880;1139;3721;855;689
10;CONCEIÇÃO;3101      ;1922;351;2244;1252;0;605;427;603;1847;0;336
10;CONCEIÇÃO;6301      ;7174;1290;10483;2804;0;3381;1403;2065;8621;1483;1068
10;CONCEIÇÃO;7601      ;89;7;169;39;0;128;47;14;107;474;38
10;DUNAS - URB;0033      ;62959;11712;73935;20262;182;20276;8003;16988;64794;11973;4481
10;DUNAS - URB;0040      ;45111;8789;54767;19022;27;35906;14583;12557;67366;9670;4464
10;DUNAS - URB;0057      ;4165;804;3029;1242;0;1813;604;755;2672;0;500
10;DUNAS - URB;0331      ;20027;3780;22162;4791;16;6562;2571;5993;18942;2227;1560
10;DUNAS - URB;0332      ;3522;631;4731;960;0;1080;509;1128;3025;665;567
10;DUNAS - URB;0411      ;6651;966;7441;3266;0;3188;1067;1962;6765;1069;689
10;GUANABARA - URB;0002      ;22113;4237;39629;7972;312;9155;4628;6770;28650;4445;2686
10;GUANABARA - URB;0004      ;15805;3876;32995;7139;1;4597;2929;4189;21552;4253;2258
10;GUANABARA - URB;0005      ;7964;1503;12977;1708;74;4670;2631;2230;15540;2607;1443
10;GUANABARA - URB;0008      ;38929;8048;55154;22557;637;19825;7563;10785;41605;10841;3499
10;GUANABARA - URB;0013      ;189;46;175;41;1;75;44;57;246;0;33
10;GUANABARA - URB;0018      ;856;88;864;227;0;95;19;116;198;0;57
10;GUANABARA - URB;0019      ;8073;2086;12908;4010;0;9429;4587;2961;14706;1102;1889
10;GUANABARA - URB;0020      ;9649;2161;13040;3880;0;11581;7295;3558;17603;1474;2410
10;GUANABARA - URB;0025      ;9030;2254;7252;2155;0;5212;3317;1798;9877;0;1392
10;GUANABARA - URB;0060      ;39599;7806;61336;12019;353;13964;7285;10980;46490;7735;4080
10;GUANABARA - URB;0064      ;32557;6275;43501;8622;197;19738;11047;7806;46027;6132;4125
10;GUANABARA - URB;0067      ;8256;1591;13347;1766;64;4893;2761;2674;17607;960;1317
10;GUANABARA - URB;0070      ;18876;4113;32847;4973;70;10846;7136;5521;36290;5130;3133
10;GUANABARA - URB;0072      ;20332;3726;35190;9059;114;8182;4208;7407;33481;5563;2626
10;GUANABARA - URB;0075      ;15841;2736;17773;3675;146;5872;2512;4711;18082;2125;1869
10;GUANABARA - URB;0076      ;4557;873;7174;1719;50;3584;1130;1571;8070;1104;642
10;GUANABARA - URB;0077      ;28634;6343;54992;13840;107;10045;5807;9304;44591;8211;4066
10;GUANABARA - URB;0079      ;36903;6913;48401;12374;400;12263;5036;9049;40126;7953;3294
10;GUANABARA - URB;0081      ;10422;2064;14227;2953;30;4845;2013;3969;15454;762;1642
10;GUANABARA - URB;0084      ;26270;4081;37788;14596;247;13479;6322;11134;31584;5931;3707
10;GUANABARA - URB;0101      ;7843;1533;14737;3362;48;8265;3652;3330;17033;3823;1506
10;GUANABARA - URB;0102      ;2449;485;4526;969;23;2647;1019;980;5097;1184;455
10;GUANABARA - URB;0592      ;1927;246;1890;485;56;1129;350;468;1105;298;861
10;GUANABARA - URB;0593      ;6435;720;2656;809;0;1213;513;669;3098;419;1005
10;GUANABARA - URB;1029      ;10611;1981;14876;4316;80;4212;2011;2638;11718;2458;1089
10;GUANABARA - URB;1214      ;6818;1635;12620;1710;17;5041;3275;2413;12955;0;1777
10;GUANABARA - URB;1301      ;6655;1144;6188;1496;50;2763;1255;1749;7075;0;1180
10;GUANABARA - URB;1302      ;2477;488;2504;658;28;1182;498;646;3117;0;540
10;GUANABARA - URB;1516      ;15376;3478;22809;4293;182;9273;5323;5042;26397;3650;2172
10;GUANABARA - URB;1778      ;14958;3340;23314;5032;196;9450;5560;4895;24279;2145;2284
10;GUANABARA - URB;2369      ;1425;336;2060;762;0;1098;498;458;1635;0;359
10;GUANABARA - URB;6162      ;8875;1723;10929;1771;46;4330;3053;2268;11107;850;1660
10;GUANABARA - URB;6443      ;11290;2073;16870;3592;24;5867;2879;4375;16047;2382;1227
10;GUANABARA - URB;7501      ;3546;643;4369;706;0;1334;531;1295;3856;250;371
10;GUANABARA - URB;7502      ;1733;314;1764;441;0;652;295;601;2127;0;162
10;GUANABARA - URB;7601      ;78;22;169;31;0;71;37;21;169;134;20
10;REUNIDAS;0007      ;26891;4595;47257;11190;229;9594;4005;9401;36846;7857;3540
10;REUNIDAS;0026      ;34117;7595;52400;14649;282;8122;5153;9048;39411;8230;3331
10;REUNIDAS;0027      ;16182;3174;24817;4433;150;10740;5611;5899;29660;5178;2944
10;REUNIDAS;0035      ;26393;4506;34358;10834;1132;13009;7295;9519;28921;5098;2653
10;REUNIDAS;0068      ;16157;2896;26195;5847;203;10014;3829;6481;24813;4293;2329
10;REUNIDAS;0073      ;64442;17125;112219;34462;552;17811;10888;16827;79980;17298;5402
10;REUNIDAS;0085      ;19949;2767;18419;5545;624;8772;4704;5215;17031;0;2070
10;REUNIDAS;1029      ;32930;6095;44714;12831;175;11195;5355;8667;33793;6624;2846
10;REUNIDAS;1778      ;4362;978;7829;1508;48;2827;1722;1387;7396;2025;772
10;REUNIDAS;6443      ;12138;2199;18886;4011;16;6422;2964;4644;17512;2752;1232
10;REUNIDAS;7847      ;25740;5346;32221;6759;77;10969;5891;8521;31946;6004;2563
10;REUNIDAS;9018      ;16;18;227;264;0;334;32;9;139;32;93
10;SANTA MARIA - URB;0024      ;24899;5352;33987;13203;0;11866;6979;10276;30217;2758;3445
10;SANTA MARIA - URB;0034      ;8204;1356;9548;3122;0;8344;4917;2720;13303;0;1592
10;SANTA MARIA - URB;0036      ;13380;3155;15510;6325;0;8080;4271;3387;17760;2053;2052
10;SANTA MARIA - URB;0037      ;40731;9564;34168;13570;0;13007;8036;9909;37301;4097;3758
10;SANTA MARIA - URB;0038      ;43265;9049;49656;15409;33;34404;17223;12120;69683;12837;4382
10;SANTA MARIA - URB;0039      ;27620;4825;34431;12668;0;9750;4602;7361;24968;3205;3124
10;SANTA MARIA - URB;0044      ;22901;5358;28122;8307;0;13972;8290;7617;30456;2833;3355
10;SANTA MARIA - URB;0046      ;33322;8442;29129;13961;0;7016;5850;8118;34972;4676;2902
10;SANTA MARIA - URB;0048      ;21193;4827;15260;7371;0;7978;4945;3382;18381;2731;2217
10;SANTA MARIA - URB;0054      ;34993;8705;36409;14282;0;11080;8328;8200;39999;7221;3530
10;SANTA MARIA - URB;0056      ;8233;2193;24908;11083;0;3448;2525;4519;18986;2266;2336
10;SANTA MARIA - URB;0066      ;16390;3831;15271;2454;0;3834;2102;3065;16972;3290;2091
10;SANTA MARIA - URB;0083      ;10017;2598;17742;1959;0;4231;1733;3580;17110;4116;1498
10;SANTA MARIA - URB;0331      ;14394;2663;16850;3875;21;4771;1821;4271;13788;2621;1244
10;SANTA MARIA - URB;0332      ;3790;662;4632;997;0;971;471;1149;3238;767;603
10;SANTA MARIA - URB;0411      ;7779;1142;7816;3693;0;3605;1233;2131;7783;1052;741
10;SANTA MARIA - URB;0561      ;61;27;2029;536;0;131;7;219;695;120;340
10;VIA SUL - URB;0050      ;48362;10350;71459;22085;215;18052;9226;14547;58611;8484;5172
10;VIA SUL - URB;0051      ;30382;6422;25362;9241;0;10020;7065;6933;29185;2293;3265
10;VIA SUL - URB;0052      ;21965;5475;23329;7763;0;10908;7764;6190;27879;2089;3120
10;VIA SUL - URB;0065      ;14231;3355;14359;4247;0;4541;2308;3658;13157;0;1739
